user_id,cb_lgb_recommendations
1,[ 940947  856942 9655212 1005186 1087895]
2,[1106523 1075368 1068719  899624  916122]
3,[1106523  983584 1082185  870547  893018]
6,[1082185 1029743 1070820 1126899  845208]
7,[1106523 1126899 1029743 1082185 1122358]
8,[1029743 1106523 1004906 5569230  872137]
9,[1082185 1135468 1029743 5569230 1070820]
10,[1082185 1106523 1005186  899624  918345]
13,[1029743  862070 1106523 1038985 1126899]
14,[1029743 6533765  895930  890695  965766]
15,[1029743 1106523 1082185 1026118 1122358]
16,[ 1082185 13007710   860361  1022254  1068719]
18,[ 951412  819978 1082185  916122  854852]
19,[1029743 1106523  844179  916122 1056509]
20,[1075368 1126899 1016709 5592931  944836]
21,[1106523 1029743 1082185 1031864 1049735]
22,[1082185 1070820  976199  944836 1104349]
23,[1075368 1029743 1000925  849202 1081177]
24,[1106523 1082185  935993 5569230 1124695]
25,[1029743  929018 1106523 1082185 5568378]
26,[1029743 1068719 1082185  916122 1132771]
27,[1102416  897449 1075368 1058709 1048373]
28,[6533911 1005186  916122  940947 1110843]
29,[1029743  891505 1082185 1005202 1044078]
30,[1082185 1106523 1005186  909714 1051516]
31,[1126899 1029743 1070820 1138443  971922]
32,[1068719 1082185 1004436  279994  901062]
33,[1106523 6533765 1029743 1082185  986912]
34,[1082185 1029743  986912 6533765  916122]
35,[1029743  983584 1126899 1082185  864335]
36,[1029743 7409970 1110843 1005186  909714]
37,[1097001  898448 1067695 1056212  880888]
39,[1126899 1127716 1104343 1121193 1082185]
40,[6034857 1004906 7409698 5585510 5588365]
41,[1126899 5585510  913210 6961848  909714]
42,[ 829621 6602697  839656 1082185  842249]
43,[1029743 1082185 1004906 1091365  863447]
46,[1029743  999104  852856  899624 1082185]
47,[1082185 1005186  907631  854852  916122]
49,[1070820 1126899 1139782 1139569  846202]
50,[1082185 1005186 1106523 1091365  849202]
51,[1029743  986912 1005186 1122358 1082185]
52,[1106523 1056740 1029743 1082185 1116020]
53,[5569471 6034857 1082185 1087102  916122]
55,[1082185 1098844 1004906 1022254 1128240]
56,[ 979707 1101010  940947 1126899 1137775]
57,[ 986912 1082185 1106523 8090537  829852]
58,[1029743 1070820  916122 1106523  979707]
59,[1082185 1106523 1056509 6034857 1134296]
62,[1082185 1022254 1044078 1059902 1068719]
63,[ 897733 1082185 1084997 1062572 1040346]
64,[1106523 1093413 1013928 1131344  949023]
65,[1075368 1029743 1082185 1070820 1127831]
67,[1029743 1070820  933835  951590  951197]
68,[1029743 1101010 1106523 1004906 1070820]
69,[1106523 1029743 1005186  951590 1004906]
70,[1082185 1130375 1022254 1044078 5592931]
71,[ 1029743  1056509  1008288 10149656  1082185]
72,[1070820  872137 5585510  999104 1005274]
75,[1082185 1022254 1044078 1068719 1059902]
77,[1126899 1106523 1029743 1070820  983584]
78,[1082185 1005186 1039627 1067779 1106523]
79,[1029743 1070820 1068719 5569230  933835]
80,[1082185 1029743 1005186 1044078 1132771]
81,[1106523 1029743  983584 1132771 1093413]
82,[ 1084036 12810464   819308  1082185  1000753]
83,[1082185  899624 1059902 6772833  848319]
84,[ 903529  951590 1082185 1036249  984283]
85,[1082185 1075368 1005186 1004906  986912]
86,[ 865026 1029743  820301 1082185 9707240]
87,[ 1079528   943135 13381584  1008820  6391089]
88,[1075368 1029743 1082990  893018 1068719]
90,[ 862535 1082185 1068719 1070820  954673]
91,[ 1029743   972342   910151  9677424 13007507]
92,[ 1126899   845208  1082185  1104343 12946027]
94,[1082185 1005186 1044078 1139638 1007136]
95,[1029743 1088771  922561  983584 1022152]
97,[1075368 1106523 1070820 1082185 1029743]
98,[1091858  847241 1095040 8119134 1082185]
99,[1029743 1126899  845208  983584  916122]
100,[1029743  983584 1082185  916122  825343]
101,[ 1106523  6533765 12731432   899624  1070820]
103,[1106523  844179 1082185  986912 1029743]
104,[1029743 1106523  933835  844179 5569230]
105,[1005186 1106523 1004906  844179 1081177]
106,[6034857  916122 5569230 1082185  983665]
107,[1106523 1082185 1075368 1029743 5569230]
109,[ 1126899 12731436  1046756  6034857   913210]
110,[1106523 1044078 1082185 1068719 5592931]
111,[1106523 1082185 1004906  863447 1129049]
112,[1005186 1082185 1070820  933835 5568378]
113,[1070820  976199  916122 5569471 1029743]
114,[1029743 1082185 1070820  916122  948670]
115,[ 1106523   983584  1029743  1095751 12582055]
116,[1019637 1014732 5569471 1044078 1082185]
117,[1126899  951590 1082185  852360  948670]
118,[1082185  893018 1083043 1006184  909268]
119,[1029743 1082185  986912 1051468 1005186]
121,[1029743 1082185 1065979 1004906 1044078]
122,[1005186  940947 1086119 1082185  862799]
123,[1029743 1126899 1005186 1070820 1082185]
124,[1106523 1082185 5590465 1037840 1004906]
125,[1029743 1126899  834117  913210 1070820]
126,[1082185 1004906 1029743  883003  863447]
127,[1029743 1106523  983584 1075368  979707]
128,[1082185 1029743  850028 1098248 1070820]
131,[1126899 1106523 1029743 1082185 1068719]
132,[1126899 1106523  854852  986912 1005186]
133,[1029743  979707 1082185 1051516  866211]
134,[1029743 1082185 1106523 1101010  913210]
135,[ 918150 1082185  883202  933835 1063207]
136,[1106523 1056509 1068719 8090537 1082185]
138,[1029743 1070820 1098844 1126899  983584]
139,[1082185 1126899  866211  847207 6979545]
140,[1106523 1029743  983584  986912 1056509]
141,[1082185  854852 6533765 1037337 1098248]
142,[  997011  5569327  1013826  1082212 13877192]
143,[1029743 1106523 1005186  844179 1075368]
146,[1029743 1068719 1005186 1082185  844179]
151,[1029743 1126899 6602697 1082185  916122]
153,[1006063 1082185 1122358  897954 1012199]
156,[1082185 1106523 1070820 1051323 1029743]
157,[1070820 1126899  913210 1122358 5585510]
158,[ 1082185  1128240 12731714  1094924  1092303]
159,[ 983584 1004906 1106523 1068719  846823]
160,[1005186 1070820  951590  933835 1082185]
161,[1075368  957063 5568378 1056509  845208]
162,[1070820 1029743 1122358  916122 6034857]
164,[1029743 1106523 1082185  983584 1006555]
166,[1029743 1106523 1101010 1075368  933835]
167,[5569230 1082185  864279 1006063  862799]
168,[1029743 1106523 1082185  883003 6602697]
169,[1082185 1075368  944139 1016800 1043494]
171,[1029743 1044078 1004906 1082185  916122]
172,[6533765 5569230 1082185 1075368 1004906]
174,[1106523  895930 1082185 1004906 1076769]
178,[  963686  1106523 13841744  1040807   827656]
183,[1106523 5568378 1082185 7147145  925862]
184,[ 896085  976199  898063 6534229 9835509]
185,[1029743 1068719 5569230 1082185 6533765]
187,[1106523 1082185  819978  933835  983584]
188,[1106523  983584 1082185 1005186 8090537]
190,[1029743 1082185  857503 1021116 1006184]
191,[ 1082185  1006697  9707080 12384775  1036347]
192,[1029743 1056509  947201 5569230 9245106]
193,[1106523 1029743 1082185  983584  880714]
194,[1106523  878996 1051468  845208  892376]
195,[1029743  947201  916122  933835  854852]
196,[1082185 1106523 1029743 1004906 1081177]
197,[1126899  951590 5568378  965766 1041796]
198,[1029743 1106523 1068719 1075368 1117121]
199,[1005186 1082185  863447 1110843 1091365]
200,[ 839248 1082185 1081177  983584  871514]
201,[1138292 6034857 1103476 1106523 5567502]
202,[1029743 1082185  962229 1106523 9419525]
203,[1029743 1070820 1005186 1004906 1082185]
204,[1082185 1070820  844179 6034857 1102928]
205,[1082185 1106523 1026118  819840 1122358]
208,[1070820 1106523  979707  965766  900802]
209,[1029743  983584 1126899  845208 5592931]
210,[1106523 1004906  899624 1067847 6034857]
211,[ 962229  945662 1082185 1006878  998444]
212,[1029743 1070820 1044078 8090521 1082185]
213,[1106523 1082185  965766  844179 1044078]
214,[1019643 5566674  876624  901062 1055425]
215,[1005186  916993 1082185  854852  985999]
216,[6533936 1082185 1011926 1008074  927277]
217,[1029743  986912  895930 1082185 1053403]
218,[1029743 1070820 5589662  965772 1022254]
219,[1082185 1070820  866211  916122  854852]
220,[1029743 1082185  951590 1068719  865456]
221,[1106523 1082185 6424464  819978  937736]
222,[1029743 1126899 1071759  999779  856335]
224,[1106523 1029743 1056509 1082185 1078478]
225,[1029743 1082185 1004906  842423 1043663]
226,[1029743  957232 1082185  944139  844179]
227,[5995939  954424  996009 9419198  967144]
228,[1126899 1005186 1082185 6034857 5569471]
230,[1029743 1124695  844179 1044078 1005186]
232,[1029743  983584 1049922 6533765  976199]
233,[ 1082185  1122568 15926927   935842  1022254]
235,[1070820 1029743  983584 1082185 1121384]
236,[1029743 1075368 1126899 1082185  898466]
239,[ 946793 1106523 1101010 1044078 1082185]
240,[1106523 1082185 1022428  926905 1022254]
241,[1082185  863447 1055504 5569845 6534480]
242,[1082185 1029743 1106523 1126899 1121193]
243,[1126899 6034857  976199  901062  909714]
244,[ 834117  964704 1004906 5568378 1082185]
245,[1029743  972416 1106523 1082185  844179]
246,[1082185 1005186 1063207  940947 1106523]
247,[8090537  905636 1005186  986912  845208]
248,[1029743 1126899 1106523  913210 1015785]
249,[1029743 1004906  983584  965766 1044078]
250,[1029743 1056509 7441210 5568378 8090537]
251,[1029743 1070820  916122  933835 1082185]
252,[1082185 1077600  920191 1025611 1022254]
253,[1106523 1044078  844179 1022254  951590]
254,[1082185 1106523  990797 1123101 1022254]
256,[1075368  962229  948670 5568378 1004906]
257,[1106523 1093413 1029743 1005186 1051323]
258,[1029743 1044078  906917 1070820 6034857]
259,[ 940947 1082185 6391381  878996  955262]
260,[1139638 1082185 1070820  925694 5568378]
262,[1004906  862799  866211 1101010  971922]
263,[1029743  940947 1005186 1101010  844179]
264,[1082185 1127831 1014696  823099 8177622]
265,[1106523 1082185  857503  858863 9803678]
266,[1126899 1104349 1019643  870547 5569471]
267,[1106523 1082185  929373 6533765  901976]
268,[1082185 1132956 1051283  940947  894439]
269,[1139782  863447 1004906 1042697  859426]
270,[1106523 1082185  986912 1130858 5569230]
271,[ 986912 1126899 1082185 1005186 1135834]
273,[ 1106523 12810328  1005186   856818  9419525]
274,[1082185 1106523  993638 9926758  883932]
275,[1106523 1081262  918638 6533765 1068719]
276,[1029743  892713  944534 1082185 1075368]
278,[1082185  871514 6034857  916122  881119]
280,[1106523 1029743  916122  986912  899624]
281,[1082185 1070820  854852  944836  913210]
282,[ 1029743  1082185  1005186 12524067   916122]
283,[1070820  916122 5569471 1074040 1082185]
284,[1082185 1029743  844179 1075368 1082212]
285,[1106523 1029743 1013389  899624 1068719]
286,[1082185 1127328  854852 9553154 1081177]
287,[ 1029743  1106523   969866 10204543  1082185]
288,[1082185 1070820 1026118 1098844  983584]
289,[1125497 1104343 1079941  909714 1082185]
290,[1029743  962229 1013928 1068719 1001702]
291,[1106523 1005186  983584 1122358  911311]
292,[1106523  864335 1135468 1101010 1082185]
294,[1106523 1029743  983584 1101010 1082185]
297,[1029743  907631 1043663 1044078  916122]
300,[1106523 1029743  951590 9655212 1075368]
301,[1029743 1082185 1046562 1067211  844179]
302,[1082185  892531 5569327  910032  998119]
303,[1101010 6534074 1029743  982790 1004906]
304,[1082185 1029743 1106523 1122358 1041796]
305,[1029743 1082185  999104 1055425  965766]
306,[1029743 1101010  933835 1082185  913210]
307,[1074040 1019637 1065259 1135468  908314]
308,[ 963835 5569230  862010  911401  887102]
311,[1106523 1029743 1005186 1063207 1082185]
312,[ 904021 1082185  936830 6772833  844179]
314,[1082185 1106523 1029743 1130858  893018]
316,[1044078 1068719 5568378 1082185 5592931]
317,[1082185 1029743  983584 1121193  965766]
318,[1106523 5569230  962229 1082185  949023]
321,[1056509 1126899  993638  976199 1082185]
322,[1070820  854852  976199 1082185 1005186]
323,[1082185 1126899  972143  907631  937292]
324,[1070820  951188 1026258 1098844 7168890]
325,[1082185 1029743 5569471  976199 5569230]
326,[1037840 1082185 1013928 8090537 8090521]
327,[1106523 1082185  907631  844179  937110]
328,[1070820  863447  878996  979707 9835509]
329,[1029743 1005186  901062  854852 1110843]
330,[1074040 1005186  986912 1082185 1067695]
331,[1106523 1029743 1075368 1082185  896085]
332,[1029743 1070820  976199 1082185  899624]
333,[1106523 1004906 1005186 1082185 1041796]
334,[1082185 1029743 1106523  854852 1081177]
338,[1082185 1029743 1106523 1026118 1004906]
339,[1106523 1029743 1082185 5592931 1044078]
342,[1029743 1106523 1082185 1070820  976199]
343,[1082185  937292 1036930  865456 5569230]
345,[1029743 1106523 1137775 1132771 1068719]
346,[ 1029743  1101010   819978 12731432   857605]
347,[1029743 1082185 1126899 1110409  837270]
348,[1029743 1044078 1068719  986912  899624]
349,[1029743 1106523 1082185 1126899  844179]
350,[1106523 1082185 1044078  916122 1005186]
351,[1082185 1106523 1005186  899624 1101010]
353,[1121193 1082185  979707  866211  965842]
354,[1056509 1106523  916122 1082185 1097001]
356,[1029743 1049735  947798 8357825 1056402]
357,[1126899  916122 1122358  976199  866211]
358,[1106523  983584  976199 5568489  872137]
360,[1082185 1005186 5568378  841236 5569327]
361,[1029743 1101010 1056509  976199  844179]
362,[ 986912 1128395 1082185 1056509 1060318]
364,[1029743 1106523 1082185 1041796 1004906]
365,[1082185 1029743 1106523 1136719 1062128]
366,[ 844179 1082185  916122 1013259 1044078]
367,[1070820 1040861  833724  934399 1031864]
369,[1126899  983584 1082185 1005186 1029743]
371,[ 916122 1029743  976199  954102  844179]
373,[1082185 1106523 1050851  831763  937791]
374,[1029743 1004906 1026118 1070820  990797]
375,[1029743 6464165 1082185 8090537 8090532]
376,[1044078  937292  965766  986912 1005186]
377,[1082185 1029743 1126899 1094924  935578]
378,[1005186  948670 1082185  976199  944534]
380,[1106523 1082185 1013928 1098284  951590]
381,[1029743 1075368 1082185  983584 1056509]
382,[1029743 1082185 5566922 1127831  999250]
383,[1126899  979707 8090546 1082185 1055425]
384,[1075368 1126899 1029743 1061394 8090537]
385,[ 933835 1126899 1029743 1082185 1075368]
386,[1106523 1029743  983584 8090521 5568378]
387,[1126899  971922 1082185  916122 1009719]
388,[1029743  844179 1082185  820612  893018]
389,[ 1082185  1126899 10344585  9835509  8090536]
390,[1029743 1005186  986912  951590  894439]
392,[ 916122  951412 1042765  940947 1048299]
393,[1106523 1029743 1013928  916122 1082185]
394,[1106523 1029743  901062 1070820 1026118]
395,[1070820 1082185 1005186  906844 5569230]
396,[1126899 1075368 1121193 1082185  866211]
397,[1029743 1126899 1069003  933835  916122]
398,[1029743 1082185  916122 1058243 1129049]
400,[1029743 5567702 9676938 8090536  938596]
401,[ 986912 1128163  965766  883202  845163]
402,[ 1106523  1029743  1006483  1007136 12171656]
404,[9392953  855904 1004906 1088771 1046549]
405,[1029743 1101010  916122  948670 1106523]
406,[1029743 1082185 1070820  976199 9527187]
407,[ 1082185  1037840  8090521  5568661 13511457]
409,[1070820  979707 1005186 5569471  844179]
410,[1029743 1082185 1044078  844179 1051211]
411,[1082185 1029743 1106523 1075368 1056509]
412,[1005186  986912 1106523 6533765 1029743]
413,[1082185 1106523  986912 5569230  970160]
414,[1029743 1106523 1068719  916122 1082185]
415,[ 1082185   864893 10457471  1090884  1081166]
417,[1082185 1029743  983584  976199  844179]
418,[1029743 1070820 1056740  856252 1005186]
420,[1029743 1106523 1082185 1091365  916122]
421,[1126899 1029743 1070820 1074040  976199]
425,[1106523 1070820 1029743 1096728  913210]
426,[1070820 1005186  863447 1082185 1004906]
427,[1082185 1029743  986912 1075368 1079594]
429,[1029743 1082185 1026118 1006342  976199]
430,[1029743 1106523  976199 5569230 1042571]
432,[1029743  916122 1044078 1004906 1005186]
433,[1106523 1082185 1122358  896613  849003]
434,[1068719 9837807  919534 1068292 1058214]
435,[5569230 1082185 5569471 1127716 8090537]
437,[1029743 1082185 1106523 9884698  948670]
438,[1070820  951590  917033  951197  899624]
441,[ 933835 1038985 6533681  913210 1082185]
442,[1091365 1126899 1110843 1082185  854852]
443,[1070820 1106523 1056509  976199 1082185]
446,[1082185 1044188  957951  954966 1028887]
447,[1029743 1082185 1031864  996835  898363]
449,[1029743 1082185  965766  854852 1009719]
450,[ 863762 1029743 1005186  986912  933835]
451,[1029743  999189 1070820 1014388  844179]
454,[1029743 1082185 1106523  844179  845208]
457,[1029743 1065259 1005186 1135468 1082185]
458,[ 1082185 12810391   916993  1126899   999563]
459,[  986912   863762   885290  1082185 13007846]
460,[1082185 1106523 1081177 1089954 1102879]
461,[ 844179 1082185 1029743  976199  916122]
462,[1082185 1051505 1011926 1137775 1029743]
463,[ 1082185  1106523  1029743 12810393 12811532]
464,[1029743 1082185 1056509  993638 5569374]
466,[1068719 1082185 1025611  844179 1072523]
467,[1106523  900802 1029743 1068719 1082185]
468,[1082185 1098284 1029743 1106523  972416]
469,[ 1104343  1070820   916122 10309712  1029743]
470,[ 908314 1005186 1082185 1088683 9677277]
471,[1106523 1005186 5569230 1082185  986912]
474,[1106523 1029743  831628  950206 1082185]
477,[1029743 1126899 1082185 1068719  854852]
478,[1082185 8203851  846823 1091365 9655696]
479,[1063207 1005186  986912 1106523 1068719]
480,[1070820  976199 1005186  916122 1082185]
482,[1082185 1106523  965766 1044078 1029743]
483,[1106523 1082185  983584 1068719 1061943]
484,[10198402  1029743  1005186   971474  1006483]
485,[1029743 1083787 5569471 1067779  972665]
487,[ 1082185 10456405 12484491  1022254   862682]
489,[ 986912 1019247 1022254 1082185  916993]
491,[1126899 6533936 1029743 1082185 9676938]
493,[1029743 1070723  936355 1068719  819927]
495,[ 1029743  1106523  1082185   913210 12810391]
497,[1029743  976199 1082185 1070820 1004436]
502,[1029743 1068719 1063167 1106523 1082185]
503,[1070820  971983 1127716 1104414 1119405]
505,[ 1082185  1127716   983267   962991 12648296]
506,[1082185  916122  999625 1136719  863885]
507,[1082185  976199 1126899 5585510 1037332]
508,[1004906 1106523  895930 1044078 1082185]
510,[1029743 1070820  854852  916122 1082185]
511,[1029743  983584 1006664 1116635 6533765]
513,[1093413  865026  999714 1018740  844179]
514,[ 923169  934809 1110843 1127831  866211]
515,[1106523 1082185 1004906 8090521 5585510]
516,[1082185 1068719  844179 1126899  835098]
517,[1126899  976199 1081177  854852 1082185]
518,[1029743 1082185 1106523 1122358  901460]
520,[1106523 1029743 1005186 1101010 1068719]
521,[1106523 1029743 1056212 1026118 1082185]
523,[ 970861  898121 1029743 1087895 6704319]
524,[1082185 1029743 1106523  889509 1037863]
525,[1004906 6602697 1082185 1104343  883003]
526,[1029743 5569230  983584 1004906  916122]
527,[ 933835 5567582 1131321 1101010 1082185]
531,[1029743 1075368  880888 1082185 1044078]
533,[1029743 1106523  924355 1068719 1013259]
534,[1082185 1005186  894924 1124695  986912]
537,[1116635 1128163 1082185  907631  829291]
538,[1070820 1098844  906838  909714  948832]
539,[1082185 1006184  878715 5569230  856252]
540,[ 916122 1068719 1000237 1081177 1082185]
542,[1106523 1029743 1082990 1082185 1068719]
543,[8090537 8090521  989409  826597  879734]
544,[1082185 1121193 1126899 1091365  847529]
545,[ 986912 1005186 1081177 1082185 6034857]
547,[1029743 1106523 1116635  891505 8357825]
548,[ 885406 1029743 1082185 1001333 1098435]
550,[1029743  844179  957232 1082185  899624]
552,[1106523 1044078 1082185 1029743  999779]
553,[1029743 1075368  878996  951590 1106523]
554,[ 1106523  1070820  1072086 13007434   867785]
556,[1029743 1082185 1044078 1055504 1004596]
557,[1126899 1082185 5569230 1127831 5569471]
558,[1106523 1068719 1081177 1004906  854852]
560,[1029743  999104 1117514  901062 1082185]
562,[1029743 1007136  854852 1005186  916122]
563,[1075368 1029743 1101010 1005186 5569230]
564,[1082185  844179 7147475  925862  965766]
566,[1029743 1106523  986912 1082185 1005186]
567,[ 996891 1106523  986912  844179  824502]
568,[1106523 1029743 1038663 1083787 1005186]
569,[1029743 1082185 1127831 1070820 1126899]
570,[1029743 1004906 1082185  970866 8090560]
574,[1029743  983584  851819  969568  933835]
575,[1070820 1106523 1004906 1049735 1005186]
576,[1005186 1082185 1132771 1091365  951412]
577,[ 948832 1056509  979707 1070820  986912]
578,[1082185 1005186  942166 8090521 8273833]
579,[1082185 1005186  916122 1091365 1007136]
580,[1118946 1014732 1056509 1004436 1041796]
581,[1126899  983584 5569230 1070820 1084796]
582,[1029743 1070820 1082185 5569230  848319]
583,[1029743 1082185  863762 8090521  870547]
586,[1029743 1106523 1126899 1004906  916122]
587,[1082185 1106523 1138487 1118046  859426]
588,[1106523  933835 1004906 1068719 1122358]
590,[1029743 1106523 5569230  916122 1004906]
591,[1106523  983584 9245106  916122  976199]
593,[ 1106523  1082185 13876791  5569374   846760]
594,[1029743 1106523  947798 1082185 1108168]
595,[1106523 1029743 1082185 1022152  865992]
596,[ 1106523  1068719  8090537  8090521 12731621]
598,[1106523 1029743  976199 1068719 6533765]
600,[1029743  983584  916122 5569230  933835]
602,[1029743  944139 1082185 1067606 5587656]
603,[1029743 1106523 1082185  844179  933067]
604,[7441668 1070820 1029743 6979545 1060318]
605,[1126899 1106523  965772  948670 1005186]
606,[1029743  845208 1082185 1121193  916122]
608,[1106523  907631  863762 6979753 1138487]
609,[1005186 1082185 1106523 1036939  903529]
610,[1082185  976199 5569327 5568378  865456]
611,[1029743 1065979 7409663 9803678 1044759]
612,[1029743 1103476 5568378  871061 1004906]
613,[1082185 5592931  957063  910673  893018]
614,[1029743  965766 1106523 1004906 1054539]
615,[ 1082185   883003  1098844   971922 12731544]
617,[1070820 1126899 1082185 1128016  854852]
618,[1029743 1106523 1070820  983584 1101010]
621,[1112825 1137775  864893 5569893 1082185]
622,[1106523 1065538 1006664 1029743 1068719]
623,[1029743 1082185 1014732  934427 1101010]
624,[1106523  916122  844179 5592931 1044078]
630,[1070820 1106523  916122  976199 1082185]
631,[  979707  1022254 12696250  1121193  1082185]
632,[1082185 1029743 1070820 6533765 1004906]
633,[1106523 1075368  833940  961730 1097363]
636,[1082185 1029743 1106523 5592931 8358933]
637,[1106523 1082185 1037840  865456  926905]
638,[1029743  951197 1091365  971922 1041796]
640,[1082185 1106523 1139569  983584 1105917]
641,[1070820 1126899  916122 1131830 1029743]
643,[1029743 1082185 1122358 1024051  944534]
644,[1082185 1014732 1019637  848319  983584]
647,[1029743  951590  819978  933835 8090537]
648,[ 854852 1026118 1046756 1079941 1081177]
650,[1082185 1022254 1044078 1059902 1068719]
652,[1075368 1068719  832678 1051211 1081177]
653,[1029743 1126899  979707 1004906  899624]
654,[ 864893 1082185 1098284 1063207 1138443]
655,[1029743 1106523 5569230 1044078 6533765]
658,[1029743 1082185 1068719  895930 1005186]
659,[1082185 1079987  865026  925862 9676938]
660,[1126899  976199  916122 1082185  965766]
661,[  986912  5569230  1044078 13158064   899624]
662,[1029743  983584 1082185  913210 1083446]
663,[1082185 1106523 1029743 1005173 8249551]
665,[1029743 1082185  922561 5585510 1088771]
666,[ 957232 1106523 1082185 1044078 1089066]
667,[1082185 1092303  845208  844179  852360]
668,[1005186 1082185 5569471  844179 6034857]
669,[1082185 1126899  971922  951412 1116741]
670,[1029743 1082185  848319  933835 1104343]
671,[1029743 1056509  847434 1082185 8090521]
672,[1029743  983584  916993 1082185  899624]
673,[1082185 1029743 1106523  844179 1068719]
674,[1029743 1044078 1122358  936914 1068719]
675,[1106523 1068719 1121384 6533765 1059902]
676,[1106523  917033  844179  947798  926905]
680,[1082185  916122  913210 6034857  854852]
681,[ 890695 1029743 1126899  850102  856252]
684,[1106523 1082185  957232  844179  907099]
685,[1015539 1097398  916122  844179  989069]
687,[1029743 1106523  951590  933835 5569230]
690,[1035698 1029743 1037840 1088771 6533765]
691,[1082185 1070820  916122  910473 1091365]
692,[1019643 1004436 1135834 1098284  972416]
693,[1029743 1070820 1044188  916122  962229]
694,[1029743 1106523 1037840  844179  957232]
695,[1082185 1029743  971922  933835  940947]
696,[1082185 1126899  983584  976199 1101010]
697,[1070820  916122  901062 1104343 1082185]
698,[1106523 1029743 1005186 1082185  957232]
699,[ 1029743   999104 15452355   857503   823775]
700,[1106523 1029743 1101010 1124695  899624]
701,[5569230 5569374 1106523  933835  866211]
702,[1029743 1056509 1106523  844179  916122]
703,[6533765  901776 1005186 5569230  946995]
705,[1029743 1106523 1082185 1111533  999104]
706,[1070820 1029743 1121193 1082185  916122]
707,[1029743  965842  838186 1106523 5569471]
708,[1029743  845208  916122 1082185 1004906]
709,[1029743 1106523 1004906 8090537  965766]
710,[1106523 1068719 1082185 5569230 1004906]
711,[1037840 1082185  983584 1068719  864893]
712,[ 1070820   965842  1056509 13510934   979707]
713,[1082185 1029743 1075368 5569230  854852]
714,[1082185 1126899 1029743 1101010 5569471]
715,[1106523 1029743  885863  986912 1082185]
716,[1082185 1126899  838186  999104 1105917]
717,[1005186 1082185  986912  940947 1106523]
718,[1082185 1029743  916122  844179 1106523]
719,[ 895930 1106523  933835 1040807  819978]
720,[ 863447 1056212 1115069 1055504 1098248]
721,[1126899 1082185  878775 1087102  910473]
722,[1106523 1126899  916122 1004906  845208]
723,[1082212  999104 1043920 1104481 1070820]
725,[ 864335  899624 1011429 1106523  893018]
726,[1082185  880427  995965  863447 1118623]
727,[1106523 1029743  843567  845208 1094744]
728,[1029743 1106523  983584 1075368  832678]
729,[1082185 1022254 1044078 1059902 1068719]
730,[1126899 1082185 1135834 1019247 1122358]
731,[ 1029743  1082185  1121193  1070820 10198378]
733,[1082185 7443137 1029743 1055403 1106523]
734,[1029743 1106523 6533765 1082185  864279]
735,[1106523 1082185 1084796  901062 1043663]
736,[1029743  951590  830503 1070820  845208]
740,[976199 878996 866211 901062 845208]
741,[1106523  845208 1082185  899624  976199]
742,[1106523  983584 1005186 1114653 1004906]
743,[1029743 1004906 1106523 1082185 6533765]
744,[1082185 1070820 6034857 1029743  916122]
745,[ 854852  901062 6034857 1062002 1026118]
747,[1005186 1082185 5569230  866211 1063207]
748,[1106523  983584 1005186 1138292 1082185]
749,[1029743 1082185  870547 1096728 1056509]
750,[1106523 1082185  844179 1044078 1110244]
752,[1121193 1082185  986912 1106523 1138443]
753,[1029743 1075368 1070820 1082185 1126899]
754,[1126899  841584  901062 1016785 1036347]
755,[1082185 1121193 1137775  971922 1049735]
757,[1082185  869868 5569230 5569471 1056427]
759,[1043084 1102929 1082185 1005186 1036347]
761,[1029743 1106523  854852 1041796 1104343]
762,[1005186 1091365  986912 1029743  844179]
764,[1029743 1106523 1082185 1014458 1004906]
766,[1070820 1126899  964385  976199  901062]
767,[1042571 1082185 1004906 1042907 1070820]
768,[1029743  845208  834117  913210 1070820]
769,[1106523 1029743 1082185 1132771  883003]
770,[1082185 1029743 1075368  986912 5569230]
771,[ 976199  916122 6034857  854852  933835]
773,[ 1082185  1121193   916122 13417853  5585510]
776,[1082185 1029743  933835 1106523  907631]
777,[1070820 1029743 6533608 1126899  863447]
779,[ 976199 1082185 1098248 1068719  940947]
781,[1046816 1001277 1082185  910673 1092303]
784,[1082185 1121193  983584 1029743 5569230]
786,[1106523 1065538  972665  989069  878715]
787,[1079528  999104  934399 5569230 1082185]
788,[1029743 1106523 6533765 1101010  983584]
789,[ 922561 1082185  976199 1101010  883003]
790,[1082185 6632668 1100273 7410320 1095587]
793,[1029743 1106523 1005186  947201 1082185]
794,[1126899 1029743  976199 8090537 1082185]
795,[1029743  913210 1082185 1068719 1044078]
796,[1082185  916122  846823  969866  901062]
798,[ 1126899 13841744  1082185  6534030  1063207]
799,[1126899 1082185 1122358 5569471 1056509]
800,[ 1029743   916122  9835509  1104343 13007284]
801,[1029743 1126899 1082185  976199 9245106]
802,[1082185  983584 1005186 1004436 1106523]
803,[  969866  1082185   956486 12384564  1087753]
804,[1029743 1101010  983584 1044078 1004906]
805,[1029743  949023 5568378  983584 1081177]
806,[1082185 1029743 1082485 5572308 1068719]
807,[1029743 1126899 6034857  858999 1022152]
808,[1029743 1082185  986912 1068719  965842]
810,[1082185 8203851 1068292 1026118  863447]
811,[1029743 1082185  916122 1131344 1044078]
813,[ 1101010  1082185   913210 12810393   834117]
814,[1004906 1082185  916122 1044078  907631]
816,[1082185 1075368 1068719 1029743 5569471]
817,[1082185 1070820  866211 1106523  901062]
818,[1029743 6602697 1082185  901062 1004906]
820,[1106523 1029743 1070820 1082185  899624]
822,[ 940947 1005186 1082185  937292 1029743]
823,[1082185 1118946 1106523  986912  861494]
824,[1106523 1082185 1068719  844179 1004906]
825,[1082185  976199  979707 1126899  854852]
826,[1082185 1037840 1030093  934399 6533765]
829,[1082185  933835 1101010 1132771  960791]
830,[1082185 1106523 1029743 1070820 5569230]
831,[ 916122  957736 1069003 1005186  951590]
836,[1126899 1005186 8357825 1082185 1037840]
837,[1126899 1082185  844179  901062  854852]
840,[1029743  916122 1068719  965766 1090884]
841,[1106523 1135468 1029743  922561 1065259]
842,[1029743 1106523 1070820  983584  844179]
844,[9835509 1082185 1051468 1026118  848319]
845,[1126899 8090537 8090533 1082185 1009361]
846,[1029743 1082185  890695 8090509 1004906]
847,[1005274 1041796 1008074 1082185  901062]
848,[1070820 1106271  983584 1082311 1089025]
850,[1106523 1004906 1005186 1082185  957232]
852,[1126899 1106523 1070820 1082185  901062]
853,[1029743 1126899  951412  909714 1082185]
854,[1082185 1005186  844179  899624 5569327]
855,[1029743  916993 1005186  986912 5569230]
856,[ 1029743  1068719 10341855  1106523   944534]
857,[1029743 1101010  922561 1082185 5569230]
858,[1070820 1082185 5569230  910473 1127831]
859,[1029743 1075368  844179 1004906 5569230]
861,[1106523 1082185 1065979  916122 1056212]
862,[1029743  864335 1068719 1037840  895930]
863,[1070820 1029743 1005186  916122 5569135]
864,[1029743 1101010 1043751 8090521 1132771]
865,[1106523 1075368  899624 1082185 5569230]
866,[1082185 1106523  983584  844179 1044078]
867,[1075368  983584  976199 1106523 1082185]
868,[1029743 1070820 1082185  913210  940947]
869,[5592931 1044078  983000 1082185  942475]
871,[1029743  983584  933835  979707 1056509]
875,[ 842499  947875 7025202  960718 1126899]
876,[1029743 1126899 1122358 1005186  916122]
877,[6513604  899565 1126899  989683  995965]
878,[1106523  947798  985893  907631 1005186]
879,[1082185 1101010 1037332 5569471 5569374]
880,[1082185  951590  866211  910673  846202]
881,[1029743 1044078 5592931  890695  986912]
882,[1106523 1029743 1043751  899624 1056509]
883,[1082185 1029743  976199  916122  961979]
884,[1106523 1029743  986912 5569327 1014388]
885,[1082185 1106523 1006483 5568378 5569327]
886,[1070820 1029743 1082185 1106523 1126899]
887,[ 957232 1082185 1005186  916122  830615]
888,[1029743  916122 1070820 1106523  933835]
889,[1126899 1029743 1070820 5569471 9485437]
891,[1106523  983584 1041796 1004906  995965]
893,[1106523  872137  868415 8292958 8292967]
894,[1106523 1029743 1068719 1082185 6602697]
895,[7024847  866211  908283  868888  907099]
897,[1029743 1082185 1070820 1101010 7410201]
898,[1029743 1026118  845208  848319 1011926]
900,[ 972418  986912 1101010  976199 1068719]
903,[1082185  983584 1070820 1126899 1029743]
904,[1106523  891505 1082185 1044078 8357825]
906,[1005186 1082185  860703  911974 1137507]
907,[1106523  986912 1132771 1082185 1092588]
908,[1106523 1029743 1070820  916122 1104343]
909,[1082185 1029743  976199  983584  848319]
911,[1126899 1055425 1082185  854852  901062]
913,[1070820 1029743  999104  995965  834117]
914,[ 1029743  1082185 12302069   979707  1005186]
915,[ 880150 1068719  957232 1116635 1128163]
916,[ 901557  824193  916122 1029743  913210]
919,[1029743  983584 1106523 1082185 1081177]
920,[1082185 1106523  983584 1097001 1058709]
922,[1126899 1082185  866489  847207  868888]
924,[1029743 8090537  829001  910473 1004436]
926,[1138443 1031253 1074362 1062002  844179]
927,[1082185  916122 1126899  976199  986912]
928,[1005186 1029743 1026118 1022254  916122]
929,[1070820 1130858 1044078  986912 8090521]
930,[1029743 1082185  850102  917033 8014645]
931,[1029743 1126899  983584  913210  933835]
934,[1029743 1106523  933835 1068719 1004906]
935,[1126899 1082185  986912 1132771  832678]
936,[1029743 1106523  983584 1068719 5569230]
937,[1126899 6034857 1021116  860248  864893]
939,[ 1029743  1102416  1106523 10457112  1031316]
940,[ 1019637  1074040  1030093  1082185 10456164]
941,[1082185  919766  916122 1005186  990797]
942,[1015539 1029743  908314 1135468 1019637]
943,[1106523  986912  862799 8090521 1062002]
944,[1029743 1082185 1106523 1101010 1070820]
946,[1082185 1068719 1005186 1106523 1093413]
947,[1013259  895930 1082185 1134483 1041390]
949,[1029743 1082185 1004906 6034857 1070820]
951,[1029743 1082185 6534074 5569230  844179]
952,[1029743 1075368 1082185 1122358 1037840]
953,[1029743  916122 1082185  854852  999104]
954,[1082185 1022254 1044078 1059902 1068719]
955,[6533765 1041688 1106523  911974 1029743]
956,[1029743 1070820  976199 1068719  986912]
957,[1032703 1068719 1029743 1005186 1128163]
959,[ 1106523  1082485   918150  1029272 13654702]
960,[1126899 1070820 1082185  886395  850391]
961,[1082185 1070820  916122 1029743 1006184]
964,[1106523 1029743  986912 1068719 1082185]
965,[  908314  1106523 13158992  1082185  1122358]
967,[1082185 1044078  863762 1138292 5585510]
968,[1029743  983584  916122 1106523 5569327]
969,[1029743 1082185 5569230 5591939  863762]
971,[1029743 1075368 1070820 1106523 1082185]
972,[ 6632283   832678 13008334  1136719 13007846]
973,[12696089   894966   834303  1000542 13417954]
974,[1082185 1029743 1106523 1004906  844179]
975,[5569327 1098248 5569471  995965  910151]
976,[1082185 1070820 1029743 1126899  933835]
978,[ 1070820  1106523   826597 13987010   878996]
979,[1082185 1029743 1106523  904236 6391381]
981,[1029743 1082185 1092937 1081177 1132948]
982,[1082185 1106523 1029743  844179 5569230]
983,[1029743 1075368  933835 1044078 1082185]
984,[1106523 1029743 1082185  883003 5569471]
985,[1029743  863447 1082185 1122358  916122]
986,[1116635 1029743 1082185  916122 1137775]
987,[1075368 1070820 1106523 1126899  864893]
988,[1070820 1106523 1044188  876314 1004906]
989,[1029743  916122  983584  899624 1106523]
991,[1082185 1005186 9553176 9553193 9552910]
992,[1082185  857503 8119231 1063207  913210]
993,[1101010 8090521 1005186 1068719  971922]
996,[1029743  922561 1005186 1081177  845208]
997,[1070820 1019247 1080867 8090521 1082185]
998,[1082185 1106523 1068719 5568378  983584]
999,[1029743 1005186  983584 5568378  917033]
1000,[  986912   957232 12427353   854852  5581464]
1001,[1135834  913210 1082185  997987 8090570]
1003,[1029743 1070820 1101010 1049735 1082185]
1004,[ 1029743  1054262   894499 15452599   897083]
1005,[12301100  1108168  1044078  1031864  1119761]
1007,[1029743 1082185  983584 5569327 1004906]
1008,[ 1082185   910473  5569230 12301100   993638]
1010,[1070820 7442180 1127831  866211 1082185]
1011,[ 1126899  1029743  1070820   944836 12171656]
1012,[1082185 1070820 1005186  986912 1127831]
1014,[1029743 1106523  976199  844179 1068719]
1015,[1082185 6602697  916993  896085 1056509]
1018,[1070820 1075368 1082185 1005186  957232]
1019,[1106523 5567325 1043663 1082185 1026118]
1020,[1029743 1070820  896085 1004906  965766]
1021,[1029743 1082185 1070820 1081177  854852]
1023,[1044259  927011 1019643 1026058 1139638]
1024,[1106523 1070820  933835  983584 1068719]
1025,[1106523 1029743  983584 1044078  965766]
1027,[1101010 1132771 1082185  922561 1126899]
1029,[ 1126899 12731436   909714  9835509  1055504]
1030,[ 965842 1082185  865511 1070820 1135834]
1034,[1082185 1126899 1081177  944534  907099]
1038,[1106523 1082185 1130858 5592931  893018]
1039,[1029743  972665  831063 1044078  835098]
1040,[1075368 1126899  916993 5568249  909714]
1041,[1029743 1106523 1116635 1044078 1005186]
1042,[ 916122 1082185 1121384 1044078 5568378]
1043,[1082185 1022254 1044078 5592931 1068719]
1045,[1029743 1106523  983584 1005186 5568378]
1046,[1126899 6034857 1005186  866211  854852]
1047,[1029743  875647 1038443  844179 1082185]
1050,[1106523  863447  976199  899624 1004906]
1051,[1029743  865026  951590 1137775 6534578]
1053,[1005186  979707 1137775  916993 1121193]
1057,[  916990 12692992  1117219   869835  8090532]
1058,[ 1106523  1044078  1029743 10341855  1005186]
1060,[1082185  933835 8090521 1135834 1029743]
1061,[1106523  875089 1068719  845208 1029743]
1062,[1082185 1029743 1005186  957736 1056509]
1064,[1070820  976199 1082185  916122  909714]
1066,[1029743  916122  965766  944534  883932]
1067,[1029743 1082185 1126899 1075368  916122]
1068,[1029743 1106523 1082185 1070820 1025611]
1069,[1029743 1082185  916122  844179 5569230]
1070,[1029743  983584 1082185 6533936 1096635]
1071,[1029743 1005186  986912 1082185 1081177]
1073,[ 916122 1005186  965766  909714 1126899]
1074,[1029743  916122  933835  940947 1041796]
1075,[1106523 1029743 1082185 6533765  986912]
1076,[1082185 1106523  948381 1075368  999714]
1077,[ 1045659 12731714   951590   937292   870547]
1078,[1082185 1106523 1126899 1029743 1026118]
1080,[1106523 1029743 1082185 1068719  866548]
1081,[1106523 1029743  916122  845208 1068719]
1082,[1082185 1106523  844179  947798 1138292]
1083,[ 864335  908843 1029743 1106523  902377]
1084,[ 951590 1082185 1106523  956486  847241]
1085,[1106523 1029743  983584 1004906  913210]
1086,[1008074 1082185  832678  854852  883003]
1087,[1029743 1106523 1070820  899624 1082185]
1088,[ 997011 1106523 1127025 1077600 1045478]
1089,[1029743  951590  947798  891505  999779]
1090,[1082185  844179  892376 1106523 1081177]
1091,[1029743 1082185 1060408 1075368 1041796]
1092,[1098284 1082185  916578 5569230 1128016]
1093,[1082185 1106523 1029743  962229  983584]
1094,[1029743  933835 1106523 1075368  983584]
1096,[1026118 1106523 1082185  999250 6773232]
1097,[1106523  940947 6533765  857130  878996]
1098,[ 1029743  1135468  1070820 10341855   908314]
1100,[ 1082185  6533765  1034176   910473 12808385]
1102,[1029743 1005186 1082185  916122  986912]
1103,[1126899 1029743 1082185 6602697 1138443]
1104,[1065979 5571261  986912  847241 1114605]
1105,[1082185 5569230  924165  957736 1022254]
1106,[12757316  1082185  1044078   893018   976199]
1108,[1029743 1082185 1088771 1013259 1018740]
1109,[1070820 1029743  899624  854852 1046816]
1110,[1775642 1031316 1070820 1029743 1008288]
1111,[1106523 1029743 1082185  872826 1004906]
1112,[1075368 1082185 1010681  976199  995628]
1113,[1126899 1029743  916122 1068719 1121193]
1114,[1029743  844179 1082185 1044078 1043663]
1115,[ 976199  830526 1082185 1098025 1053988]
1117,[1029743 1106523  983584 1068719 5569230]
1119,[1029743 1082185 1080989  901460  846202]
1120,[1122358 1082185 1029743  916122  896613]
1121,[1029743 1070820 1106523 1101010  979707]
1123,[1126899 1070820 5569230 1098844  899624]
1124,[1106523 1029743 1082185  852015  880150]
1127,[ 1029743  1082185 12731714 13841744   983584]
1128,[1106523 1029743 5592931 1082185  921406]
1129,[1096355 1126899 1029743 5568732  858439]
1130,[1029743 1044078 1106523 1093413 1124695]
1131,[1029743 1075368 1082185 1044078  982469]
1132,[1106523  922561  951590 1004906 1025611]
1133,[1029743 1106523 1082185 1122358 1098844]
1134,[1070820 1106523  916122 6034857  901062]
1135,[1029743 1082185  900802  893018 1044078]
1136,[1106523 5569230 1029743 1082185  907631]
1137,[ 924667  935527 1082185  914318 1068719]
1138,[1015539 1097398  941515 1106523 1068719]
1139,[1070820  916122  833724 1004906  865026]
1141,[1029743 1082185  844179 1044078 1056509]
1142,[ 916122 1067695  878715 6442443 6602697]
1145,[1106523  985893 1068719 1029743 1082185]
1146,[1029743 1106523  854852 1070820  889509]
1147,[1106523  983584  896163 1029743 1124695]
1149,[1082185 1026118 1106523 1041796 1091365]
1151,[1106523  962266 1136524 1122358 6602697]
1152,[1029743 1082185 1005186  986912 5569327]
1154,[1106523  983584 1000148  842698 1001333]
1155,[1106523  917033 1082185 1029743  893018]
1157,[1070820  916122  901062 1029743 1062002]
1158,[1101010 1049735 1074040 8357825 8090521]
1159,[ 1082185  8090532 12696250  1068719  1106523]
1160,[1106523 1068719 1044078 1082185 5592931]
1161,[1106523 1070820 1126899 1082185  976199]
1163,[1029743  916122  899624 1056509 1082185]
1164,[1070820 1029743 1118332 1005186  901062]
1166,[1029743  916122 1068719  899624 1082185]
1167,[ 1082185  1070820 12731436  1062002  1040861]
1168,[1019637 1106523 1082185  983584 1114653]
1169,[1106523 1138443  965766  836445 1025611]
1171,[1082185  864893 1004436 1029743 1065538]
1172,[1029743 1082185  963686 1122358 1075368]
1174,[1106523 1068719 1005186  896862 1082185]
1175,[  962266  8066803 12731436   948495   963365]
1176,[1082185 1139216 1022254 1044078 1059902]
1178,[6464165 1104343  946793  845208  916122]
1179,[ 962229 1132771  863447  916122 1004906]
1180,[1029743 1106523 1038985 5590613  965766]
1182,[1106523  899624 1044078 5592931   42346]
1183,[1082185 1106523 1044078 1135258  916122]
1185,[1106523  895930 1082185  844179  845208]
1186,[1070820 1126899 1094924  878996 1098844]
1187,[1106523 1068719 1025611 1005186 1138487]
1188,[1005186 1106523 1082185 1014732 7409874]
1189,[1082185 1106523 1068292 1026118  896613]
1190,[ 1029743  1082185  9655483  5568378 10455984]
1191,[ 951590  890695 1075368  845208 1135834]
1192,[1082185 1068719  844179  932863 1026984]
1193,[1106523 1013928 1068719 6534074 1004906]
1194,[1106523 1005186 1044078 1004906  986912]
1195,[1075368 1029743 1082185  890695  951412]
1196,[ 854852 1070820  901062  885023  924864]
1197,[1029743 1106523 1005186  979707  916122]
1198,[1082185 1000753  901062 1098844  915064]
1201,[1029743 1082185 1056509 8090537 5569230]
1202,[1082185  916122 1072523 8090536  845208]
1203,[ 1106523   916122   951590   983584 10285335]
1204,[1106523 1029743  983584 1005186 1082185]
1205,[1029743 1106523 1075368 1068719 1072086]
1206,[1029743 1106523 1044078  900802 1005186]
1207,[13115501  1082185  1037840  5569374  8090537]
1208,[1044078 1114653 1082185 1106523  916122]
1209,[1082185  837908  940674  986912  953539]
1210,[1082185 7147475 1070820  963971 1051516]
1211,[1070820 1000753 7139529  879504 7167084]
1214,[1082185 1005186 1007136 1110843  961979]
1216,[5569230 1044078  933835 1082185 1005186]
1217,[1029743 1075368 1004906 1082185  916122]
1218,[1070820  916122 1082185  976199 1005186]
1219,[1082185  844179 1004906  933067 1105917]
1221,[1029743 1082185  916993 6034857 5585510]
1222,[1106523  933835 5569230 1044078  844179]
1223,[1029743 1106523 1082185 5569230 8090521]
1224,[1029743 1068719  986912 1005186 1082185]
1225,[1029743 1106523 1070820 1082185 1110843]
1226,[1082185 1070820 1106523  913210 1098844]
1227,[5568378 1070702  862070  823721 1082185]
1228,[1005186 1106523 1068719 1022254 1110843]
1229,[1070820  965842  979707  916122  854852]
1230,[1082185 1029743 1106523 1044078  825343]
1231,[1082185 1029743 1070820  916993  894439]
1234,[1082185  976199  844179 1005186  901062]
1236,[1106523 8090521 1037840 1082185 1056509]
1238,[1029743  979707 1106523  976199  951590]
1240,[ 1070820  1009128 10200563  6034857  1081177]
1241,[1075368 1029743 1082185  983584 5569135]
1242,[1082185  916122  844179 1019247 1070820]
1245,[ 913210 1058185  969866 6602697  986912]
1246,[1126899 1029743  983584  971922  860248]
1247,[1126899 1029743 1056509  916122  872137]
1248,[1106523 1082185 1056509 1041796  951590]
1249,[ 1106523  1082185   916122 12811532   910032]
1252,[1082185 1044724  916122 1102929  958208]
1255,[1082185 1106523  891505 1138292  856252]
1256,[ 979707 1005186  854852  965842 7115628]
1257,[ 1082185  1126899  1026118  9526676 12386123]
1258,[ 5569471  1082185  1121193 12946027  1051211]
1259,[ 844179  916993 1101010 1082185  986912]
1260,[1042697  949257 1092303  909714  951412]
1261,[1070820 1106523  983584 1056212  893651]
1262,[1029743 1106523 1082185  844179 1004906]
1263,[ 1029743   854852 12262778  5569327   866211]
1264,[1029743 1070820 1106523 1126899  933835]
1265,[1082185  976199 5568378  879504 1029743]
1266,[ 899624 1082185 8203851  965766  916122]
1267,[1082185 1005186  916122 1098844 1070820]
1269,[1082185 1070820 1029743  983584 6034857]
1270,[1082185 1106523  845208 1026118  951590]
1271,[1029743 1070820 1068719 6533936  878996]
1272,[ 893651  916122 1005186 6602697  898121]
1274,[1070820 1005186 1068719 8090537  879504]
1277,[1106523  916122 1006483 1128163  947798]
1278,[1106523 1082185  916122 1029743 1108094]
1279,[1106523  951590  965766 1004906  969866]
1280,[1082185 9935561 1022254 1044078 5592931]
1281,[1082185 1131344 1004906  965842  933835]
1282,[1106523 1029743 1068719 1005186  845208]
1283,[ 1082185   844179  1005186 12301100  1044078]
1284,[1098284  864893  893018  922561 1129322]
1285,[ 947201  916122 1106523 1128240 1004906]
1287,[ 854852  965766 1041796 1042438 1081177]
1288,[1081177 1082185 1106523 1041796 5568378]
1289,[1029743 1106523 5569230 1101010 1004906]
1290,[ 1005186  1082185   893018 12302069   835098]
1291,[1106523 1101010 1044078 1082185 1132771]
1293,[1029743 1044078 1004906 1106523  944534]
1294,[1126899 1029743  916122  878715  976199]
1295,[1029743 1082185 1122358  893018 8090521]
1296,[1005186  880150 6773046  955431 7467039]
1297,[1082185 1106523 1029743 1117514 1126899]
1298,[1029743 1004906 1082185 5592931  899624]
1299,[1029743 1070820 1106523 1016129 1062095]
1300,[1106523 1070820 1082185 1029743  976199]
1303,[1029743  976199  913210  866211 1134483]
1304,[1029743 1106523 1118623 1082185 1005186]
1305,[1106523 1029743  944139  983584 1101010]
1306,[ 1029743   951590  1068719  1106523 12301839]
1307,[ 1005186   854852  1063207  1082185 13654702]
1310,[1082185 1005186 5569230 1081177  819978]
1312,[1029743  983584 1126899 1082185 9396699]
1313,[1029743 1082185 5590465 7160764  965766]
1314,[1029743 1102416  976199  940947 1068719]
1316,[1029743 1070820 1082185 5568378  982790]
1317,[1029743  983584 1005186 8090537 5568378]
1318,[ 925862 1082185 1121193  951412 1098844]
1319,[1029743 1082185 9526676  916122 5569471]
1321,[1106523 1082185  893018  926905 1128240]
1325,[ 6602697  1098844  1044759   890423 13671433]
1326,[1029743  983584  844179 6533765 5568378]
1328,[1029743  875089  951590  922561 1083787]
1329,[1005186 1082185  986912  866211 1004436]
1330,[1101010 1106523 5569230 6534074  880888]
1331,[1029743 1056509 1041796 1106523  963686]
1332,[1005186 1063207 1062128  986912  965842]
1333,[ 1126899 12731436  1029743   888586  6034857]
1334,[1082185 1044078  852015 8090537  999858]
1335,[1010681 7409663 5569471  836286 1082185]
1336,[1082185 1029743  916122  979707  835098]
1337,[1029743 1070820  983584  923670 7410361]
1338,[1106523  989069  842392 1098284 1044078]
1340,[ 1082185   916122   999858 13381928   951412]
1342,[1082185  986912  898363  978974  936914]
1343,[1082185 1029743 6533681 1005186 5568445]
1344,[1029743 1008288 5569230 1082185  834117]
1346,[1082185 8090560 1127831 1070538 1081177]
1347,[1029743 1031864  957232 1037840  820612]
1350,[1029743 1106523  983584  965766  899624]
1351,[1029743 1106523 1082185 1048373 1057749]
1352,[ 976199 1082185 1004906 6602697 1022254]
1353,[1029743 1106523 1075368 1068719  940947]
1354,[1005186 1082185 8205444  916122  878996]
1355,[1082185 1022254 1108281  838261  857215]
1356,[1070820 5569230 1082185 1022859  889681]
1357,[ 866548 1070820 8090521 5569471 5569230]
1358,[1029743 5569230 1068719 1070820 1106523]
1359,[ 916122 1029743 1075368 1129049 1106523]
1360,[ 1082185   957444 13910384  1092092   872965]
1361,[1082185 1131634 9856740  933835 8019186]
1362,[1097350 7169088  987263 7168026  890604]
1363,[1029743 1106523  933835  979707 1005186]
1364,[1005186 1029743 1082185 1070820  986912]
1366,[1101010 5566800  901062 7409970  922561]
1367,[1126899 1070820 1116635  979707 6533936]
1368,[1070820  951590 1029743  913210  916122]
1369,[1126899  916122 1011926 1137775  986912]
1370,[1068957  869868 1061394 1106523 1001333]
1373,[1082185 5569230  913210 5569845 7410160]
1374,[1106523 1004906  944534 1037840 1005186]
1375,[1082185 1029743 6034857 1106523  976199]
1376,[1029743 8090537  844179  854852 1022254]
1378,[9653535  909268 1097001 6552318  917407]
1379,[1029743  962229 1062095  916122  961730]
1380,[1029743 1106523 1082185 1004906 5569230]
1381,[ 1106523  1082185 12352015  1092303   914318]
1382,[1029743 1106523 1082185  976199  913210]
1383,[1034176 1082185  916122  878715  951197]
1384,[1029743 1004906  844179 1044078 1082185]
1385,[1106523 1029743 1122358 1038663 1022254]
1387,[ 892713  944534  854133 9297062 5568732]
1388,[1041796 1029743 1082185 1005186  990797]
1389,[1082185 1098844 1053628 1005186 1111937]
1390,[1029743 1101010  844179 5569230  976199]
1391,[1106523 1082185 1121193  951412 1022152]
1393,[ 1126899   901062   956672  1010259 12731436]
1394,[1106523 1070820 1125601  977508  940947]
1395,[1126899  951590  983584 1082185 1139782]
1397,[1106523 1029743  944534 1005186  918046]
1398,[ 1082185   844179   999779   986912 12696250]
1399,[6034857 1093571 1082185 1116741 1112238]
1401,[ 844179 1082185 1043663  916122  878996]
1402,[1106523 1082185  969866 6533765 1004906]
1403,[1070820 1068719 1075368 5569471  849202]
1405,[1029743 1106523  893018 1082185 5569471]
1406,[1082185 1029743 1106523  971922 1138443]
1408,[ 1029743 15452705  1082185  5574045  1106523]
1409,[ 942565 1004906  854852  863447  957232]
1410,[1029743 1106523 1031316  976199 1082185]
1412,[1029743 1126899  965766 1082185  971922]
1413,[1082185 6552318 9396767  854056  892531]
1414,[1126899 1082185 1022254 1053530 1044078]
1417,[ 1106523 10198378  1082185   913210   871514]
1418,[1070820 1029743 1082185  976199  956672]
1419,[1106523 1019637 1014732 1082185 1017075]
1421,[1029743  844179 1106523 5569327 8090521]
1423,[1082185 1056509 5981267 1004906  837495]
1425,[1029743 1101010  844179 1004906 1124695]
1426,[1029743 1082185  916122  983584 1082990]
1427,[1029743  986912 1005186 1082185  957232]
1428,[1029743 1106523  976199  913210 1082185]
1429,[1082185 1003524 8119302  948670 5591939]
1430,[1029743 1126899 1093413 5570383  962229]
1431,[1029743 1013982  916122  844179  874112]
1434,[ 1075368   839419  5569230  1037840 12301109]
1437,[1029743 1044078  933067 5569230  893018]
1440,[1029743 1106523 1056509 1101010  899624]
1443,[1082185  906844 1005186 1070820  889681]
1445,[1029743 1070820  916122 6034857  909714]
1447,[1082185 1029743  913210  847260 1039455]
1450,[1005186 6533765 1082185  845208  979707]
1451,[1082185 1070820 1029743  916758 1044078]
1452,[1106523 1029743 1013928 9368289 1005186]
1453,[1029743  986912  916122 1005186 1127831]
1454,[1082185 1029743  979707 6034857 5569374]
1457,[1106523 1082185  910673 1022254 1044078]
1458,[1075368  976199 1005186 1006664 1056509]
1459,[1106523 1029743  948832 5569230 1007136]
1461,[1082185 1029743 1070820  844179 1068719]
1462,[1029743  916122 1121193 1082185  822049]
1463,[ 986912 1075368 8090560 1005186 1106523]
1464,[1029743  983584 5569471 1005186 1004906]
1465,[ 976199 1082185 1075368  933835  901062]
1466,[1082185 1126899 1029743  854852 5569327]
1467,[1029743 1070820 1082185  986912 1005186]
1470,[1029743 1070820 1082185  951590 1004906]
1471,[1082185 1091365  913210 7025517 1022254]
1473,[1126899 1104343  916122 1098844  951412]
1474,[1106523 1082185 5568378 1037840 8090509]
1475,[1056509 1070820  916122  844179  933835]
1476,[ 907099 9831557 1092303 1046816 1057749]
1479,[1029743  977374  932462 5568378 1106523]
1480,[1082185  844179 1022254 1044078 5592931]
1481,[1029743 1082185 1068719  965766  870929]
1483,[1070820 1082185 1029743  864335 1106523]
1484,[1082185 1004906  944836  845208 1005186]
1485,[1106523 1082185 1029743  878715 1075368]
1487,[ 940947 5569230 1075368 1029743 8090509]
1488,[1126899 1029743 1082185  979674 1075175]
1489,[1029743  983584 1121384  965530  856252]
1490,[ 916122  863447 9297062 1081262 1086483]
1491,[1106523 1029743  951590  901062  965766]
1492,[1121193 1082185 1029743 1122358 9707240]
1493,[1106523 1082185 9396663  951197 1097001]
1494,[1082185 1029743 1068719 1004906 1044078]
1495,[1068719  969866  986912 1038745 1082185]
1499,[14106445  1082185   963365   996087   947201]
1500,[1082185 6533765 1044078  916122 1004906]
1501,[1082185 1070820  909714  901062 1006342]
1502,[1070820  916993 1121193 1082185 5569327]
1506,[12301100  1004906  1044078  1106523  1000753]
1507,[1043751 1106523  899624 1082185 1121193]
1508,[1126899 1122358 1082185  883003  933835]
1509,[1029743 1135552  926905 1016800 1082185]
1510,[1005186  986912 6533765  854852 1106523]
1511,[1106523 1029743  983584 1070820  907631]
1512,[1029743 1005186 1106523  983584 1082185]
1513,[1029743 1082185 1005186  940947 1091365]
1514,[1126899  956672  995965 1006184  854405]
1515,[1029743 1005186  971922 1063207  962229]
1517,[1082185 1070820  844179 1137775  983584]
1518,[1029743 1106523 1082185  854852  913210]
1519,[1043751 1070820  916122  936914 6034857]
1520,[1029743 1082185 6034857  849202  916122]
1521,[1082185  916122  940947  844179 1135258]
1523,[1029743 1126899 1005186 1082185 1056509]
1524,[1126899 1082185  933835 9912044  944564]
1525,[1029743  866211 1082185 1004906 1068719]
1526,[ 864335  986912 1135468  865026  842698]
1527,[1082185 1029743 1044259 1106523  894966]
1528,[1029743 1075368  916122  983584 1006922]
1529,[1029743 1106523 1126899 1082185 9836106]
1530,[1029743  936830 1082185  999104 1019643]
1531,[1082185  860248 5568378 1068719  916122]
1532,[5569471 1082185 1110843  965766  862010]
1533,[1082185 1070820  986912  971474 1113381]
1534,[1070820  972416 1082185 5568378  851146]
1535,[1106523 1005186 1004906  844179  944534]
1536,[1029743 1126899 1075368 1082185 8090509]
1537,[1029743 1106523 1082185  983584 1126899]
1539,[1082185 1007136  824193 1022254 1044078]
1540,[1106523 1082185 1042438 5568378  933835]
1541,[1029743  983584  940947 1041796  844179]
1542,[1029743 1106523  957232 1004906 1082185]
1543,[1029743 5568378 1082185  916122  893018]
1545,[1106523 1082185  845208  844179 8090521]
1546,[1029743 6533765  907631 1106523 1068719]
1547,[1082185  901062 5569471 5569230  883932]
1548,[1029743 1070820  916122  933835  856252]
1549,[ 986912 1106523 1029743 1044078 1122358]
1550,[1106523 1082185 1044078 6533765  902377]
1552,[1029743 1082185 1004906  944836 1005274]
1553,[1082185  899624 9836693  874972 1022254]
1555,[1029743 1005186  856687 7409970 1082185]
1556,[1082185 1068719 1044078  916122  948670]
1557,[1106523  972342  845208  948495 1082185]
1558,[1082185  839438 1075368 1029743  944137]
1559,[1026118 1075368 1106523  933835  916122]
1560,[1029743  916122 1082185 1121384 1021519]
1563,[1029743 1070820 1082185 1126899 1121193]
1564,[ 1082185   834303  1044078 12262978   948650]
1566,[ 943940 1082185  979707 1029743  976199]
1567,[1082185 1106523 1026118 1098248  835300]
1568,[1106523 1082185 1068719 1104343  899624]
1569,[1029743 1106523 1082185  957232 1044078]
1570,[1029743 1041796 1082185  896613 1112825]
1571,[1082185 1070820  976199  944836  913210]
1572,[1126899 1082185 9835509  833724  823721]
1575,[ 1022254   916993   900802  1070820 10457590]
1576,[1029743 1082185 1037863 5569230 1127758]
1577,[1029743  979707 1004906  916122  885447]
1578,[1029743  916122 1063207 1068719 1005186]
1579,[1029743  916122  983584 1004906 1101010]
1580,[1029743 1082185 1044078 1079987 1005186]
1581,[1029743  916122 1082185 7169261 1007082]
1584,[1029743 1106523  901062  974818 8293437]
1585,[1082185 1121193  916122 5568729  854852]
1587,[1029743 1082185  844179  965842  899624]
1588,[ 979707  916122  983584 6602697  976199]
1590,[1029743 1070820 1026118  999104  965766]
1591,[1070820  896085 1068719  916993 1029743]
1592,[ 916122 5569230 1082185 6391134 5569471]
1593,[1029743 1082185 5569471  957232  878715]
1594,[1106523 1082185 6533765 1005186 1068719]
1595,[1005186  971922 1006555 1137775 1110042]
1596,[ 901776 1042571 1004436 1082185 1040807]
1598,[1029743 1056509 1106523  916122  904098]
1599,[1106523 1068719 1004906 1025611  944137]
1600,[1082185 1093413 1127758 1061334 1112754]
1602,[1029743 1082185 1070820 1044259 1104343]
1604,[ 944486  832678 1051211 1082185  986912]
1607,[5569471 5569230 8090521 8177622 5569845]
1608,[1106523 1031864 1029743 1026118 1082185]
1609,[1082185 1029743 1070820 1127831  979707]
1611,[1029743 1082185 1026118 1037840 9527329]
1612,[1029743 1126899 1070820  854852  901062]
1614,[1082185 1106523  979707 1048373 6773232]
1618,[1138443 1070820 1006184 1005186 1082185]
1619,[ 1075368  6391381   916122 12731621   867138]
1620,[1106523  899624 9245106 5569230  983584]
1621,[1106523 1029743  933835 1101010  845914]
1622,[1029743 1031864 1030577  928123 1006342]
1623,[1106523 1068719 1044078 6533765 1005186]
1624,[1082185  986912 1026118 5569230  819840]
1627,[1029743 1082185 1070820 1068719  845208]
1628,[1106523 1082185 1085983 7409621 5571541]
1630,[1098284 1106523  865026  948670  894924]
1631,[1029743  844179 1004906  983584  934427]
1632,[1070820 6034857 1082185  854852  916993]
1633,[1093413 1029743  916122 1135834  965842]
1634,[1029743 1070820 5569327 1044078 1082185]
1636,[1082185 1022254 1044078 5592931 1068719]
1637,[1082185 1014948  978879 1126899 1053282]
1638,[1082185 1004906  916122 1138443 6773046]
1640,[1106523 1101010 1075368  859809 5568378]
1641,[1126899 1082185  944137  854852  957232]
1642,[1106523 1029743 1070820  916122 1026118]
1643,[1106523 1029743 1082185  858999  957232]
1644,[1029743 1082185 1134483 6904419 5569230]
1645,[1082185  866211  951412 1108094  976199]
1646,[1029743 1433194 1126899  983584 1082185]
1647,[1082185 6979578 1022254  887503 1092885]
1648,[ 1082185  1106523   983584   971922 10309712]
1649,[1082185  916122  854852  866211 6391381]
1650,[1082185  854852  839766 6034857  940947]
1651,[6034857 1082185 1104343  901062 1117514]
1652,[1029743 1082185  880888 1004436 1075368]
1653,[1029743 1055572  983584 1044078  933835]
1654,[1082185 1106523 8090533 1070820 5569230]
1657,[1106523 1082185 1116635 1068719 6533765]
1658,[1029743 1068719  957232 1006184  916122]
1659,[1029743 1106523 1126899 6034857  866211]
1660,[1029743 1106523  880714 1082185 5569230]
1662,[1126899 1070820  999104  909714 1098844]
1663,[1082185 1070820 1029743 5568249 8090956]
1664,[1070820 1041796 1068719  897954 1000753]
1665,[1082185 1019247  986912 1005202 1024051]
1666,[1029743  983584 1082185 1122358 8090537]
1668,[1106523 1068719  976199 1082185  848319]
1669,[ 1082185  1126899 15830451   933812   857503]
1672,[1029743 1106523 1044078  983584 1082185]
1673,[1029743 1106523 1075368 6533765 1082185]
1676,[ 845208  888586 1026258 1011926 1006878]
1677,[1029743  819927  862318  995916 1135971]
1680,[5569471 1004906 1082185 1126899  916122]
1683,[1070820  979707 5569471 1082185  971474]
1684,[1106523 1082185  845208 5569471  951197]
1685,[1029743 1106523  856687 7410289 1082185]
1686,[1005186  986912 1029743 1106523  909472]
1687,[1126899  979707  832678  976199  901062]
1688,[1029743 1082185 1106523  916122  844179]
1689,[1029743 1013259 1082185  978077  866548]
1690,[  951590   863447  1106523 13210025  1082185]
1692,[1029743 1082185 1106523 6533765 1005186]
1693,[1126899  933835  948832 5592610  901062]
1694,[1075368  983584  844179  989069  845208]
1695,[1082185 1029743 1125391 7442007 1138677]
1696,[1029743 1070820 1082185 1126899 1082212]
1697,[1029743 1044078 1082185  926905  940947]
1698,[ 1029743  1082185 12731432   976199   986912]
1699,[ 993638 1106523 5569845  830203 1048445]
1700,[1106523 8090509 1042544  999779  842423]
1701,[1029743 1082185 1081177 1004906 1026118]
1703,[1106523  986912 5590613 5592931 1059902]
1704,[1005186 1082185 1407216 1211227  873324]
1705,[ 1004906  1044078  1082185 12301100   916122]
1706,[1082185  860248 1101010  910032 8249559]
1707,[1029743  962229  844179 5569230  946839]
1708,[1029743 1068719  951590 5569230 5569374]
1709,[1029743 1082185 1106523  983584 5569471]
1710,[1082185 1126899 1029743  916122 1106523]
1712,[1082185 1126899 1068719 1029743  897270]
1713,[1107960  893362  999104  851188 5563693]
1715,[1082185  976199 1126899 1127470 1022254]
1716,[1029743 1082185 1013928 1004906  916122]
1717,[1029743  852360  848319  858439  899624]
1718,[1106523 1070820 1037840 1082185 1005186]
1719,[1029743 1106523 1070820  976199 1082185]
1720,[1070820 1029743  916122  913210  951590]
1721,[ 1082185  1096728  1106523   999270 12782181]
1722,[1126899 7409970 1006184 5569471  916122]
1723,[ 922561  876626  870559 1022254 1106523]
1724,[1106523 1126899 1104343 1121193 1082185]
1726,[ 6391381  1029743  1126899   872137 10368498]
1728,[1126899 1029743  823775 1082185 1034838]
1729,[1029743 1106523 1005186  864969 1082185]
1730,[1082185 1031864 6533765 1138292 5569471]
1731,[1126899  983584 1005186 1106523 1089025]
1732,[1029743 1106523  907631  976199  979707]
1733,[ 894439  986912 1025611  847573 1082185]
1734,[1082185 1026118 1075368 1122568 5569230]
1735,[1075368 1082990 1068719  951590  863885]
1737,[1082185  901062 1105488 1135355  965956]
1738,[12695224   922847  5569471  1082185   819978]
1739,[1106523 1082185 5568378 1008074  851819]
1740,[ 1075368   961059 12946027  1112238  1005186]
1742,[ 864335 1019637  908843 1017075 1114653]
1743,[1106523 1082185 1029743 1004906  972931]
1745,[1106523  983584  999714 1082185 1059902]
1747,[1106523 1082185  986912 1124695  944534]
1748,[1082185 1106523  916122 5590613 5981267]
1749,[1029743 1135834  934399 8090521  933835]
1750,[1082185 1029743  916122  986912  859276]
1751,[1029743 1070820 1004906 1051323 5569230]
1752,[1082185 1106523  899624 1075470 1044078]
1753,[1106523 1082185  986912 1068719 1116028]
1754,[1029743 1068292 6533765 1129610  843911]
1755,[ 1029743  1082185  5585510 10200563   947798]
1756,[1075368 1029743 1070820 1126899 1005186]
1758,[1126899 1029743 1132771  899624  976199]
1759,[1029743 1126899 1070820 1082185  940947]
1760,[1029743 1082185  983584  986912 1038985]
1761,[1106523 1044078 1082185 1132771  854852]
1762,[1082185 1029743  983584 1056509  976199]
1763,[1106523 1082185 1075368 1037840  979707]
1764,[1126899 1075368 1075796 8118500 1009437]
1765,[1029743 1070820 1082185  916122  910473]
1766,[1005186  880714 1082185  975649 8090537]
1767,[1106523 1029743 1068719  844179 1004906]
1768,[12946027   899624  1003616  5569327  1082185]
1769,[1029743 1106523 1004906 1022254 6602697]
1770,[1029743  979707  854852 1070820  960791]
1773,[1070820  916122 1082185 6034857 5569471]
1774,[1106523 1029743  965766  883003 1104343]
1775,[1082185 1126899 1037332 1081177 1005186]
1776,[1029743 1070820  972931  983584 5569230]
1778,[1029743 9245106 1068719 1128240  848029]
1779,[1070820 1082185 1005186 1101010  916122]
1780,[1106523 1082185 1063167  908064 1122358]
1781,[1029743 1106523 1019247  979707  854852]
1783,[1029743  976199 1126899  916122 1114883]
1784,[1126899  979707  916122  983584 1019247]
1785,[1126899 1121193 1082185 1070820  933835]
1787,[1029743 1106523 1082185 5592931  916122]
1788,[1029743  951412  909714 1051516 1092303]
1789,[1082185 1109778 1044078  957063 8090537]
1790,[ 1082185   886570 13213567   885710  1081177]
1791,[ 916122 1082185 5569230  976199 5569471]
1792,[1075368 1098284 1106523  906917  898063]
1793,[1029743 1068719 1106523 5569230 1082185]
1794,[1106523 1029743  901062  866211  965766]
1795,[1070820  986912 1073426  916487 1004906]
1796,[1029743 1082185 1106523 1037840  965766]
1797,[9245106  854852 1022254  839243 1136700]
1798,[1106523 1029743  866211  916122 5569471]
1800,[1082185 1126899 1070820  983584 1022254]
1801,[1082185  854900 1013928 1128163 5569230]
1802,[1082185  885290  854852 6533394 9707010]
1803,[ 939860 1029743 1138292 6979579 1022254]
1804,[1029743 1082185 5569471  916122  948670]
1805,[1082185 1063207 1005186  880888  913210]
1806,[1029743 1126899 1091365 1007136  865456]
1807,[1029743 1126899  854852  976199 1044078]
1808,[1029743 1005186 1037840 1091090 1082185]
1809,[1082185 1029743  976199 9297059  901062]
1810,[1029743 1098284  985638  903529  932631]
1811,[1106523 1082185  844179 1070702 1135258]
1812,[1082185 1037863 1118807 1091365  880150]
1814,[1082185 1029743 1130331  976199 1081177]
1815,[1029743 1026118  976199 1004906  899624]
1816,[1070820 1029743 1082185 1056509 1004906]
1817,[1116635 1005274 1082185  872137  925862]
1818,[1106523 1082185 1104343  837076  906917]
1821,[1106523  983584  979707 1004906 5568378]
1822,[1029743 1106523 1082185 1068719  962229]
1823,[1082185 1070820  916122 1004906  925862]
1824,[1106523 5569471  983584  845208 1132771]
1826,[1029743 1106523 1101010 1082185  933835]
1829,[1029743 1022254  878996 1082185  914753]
1831,[1082185 1098248 1104343  976199 9245106]
1832,[1082185  951412 8293703 1131344 1081533]
1833,[1106523 1070820 1029743  983584 1126899]
1835,[1029743 1026258 1044259 1106523  998444]
1836,[1126899  916122 1082185  965766  884073]
1837,[  965842   979707  1029743   830973 13416932]
1838,[1106523 1082185  986912  990797 9527187]
1839,[1106523 1070727 1004906 1101932 1132018]
1841,[1029743 1106523  925350 1082185 1062572]
1843,[1070820 1082185  870165 5569230  849202]
1844,[1082185  916122  944836  848319 1090676]
1845,[1126899  976199 1070820  823775 1127831]
1846,[1029743 1082185  933835 1114605 5569471]
1847,[1070820 1029743 1082185  951590  830503]
1848,[ 986912 1135834 1005186  854852  947201]
1849,[1005186 1029743 1082185 6534077 5590613]
1850,[ 979707 6034857 1082185 1070820  878996]
1853,[1082185 1075368 1134810  999189 1004436]
1854,[ 855904 1004906 1068719 5565086  854852]
1856,[1029743 1070820 1075368 1126899  983584]
1857,[1029743 1031316  854852  983584 1082185]
1858,[1004906 8119101 1126899 1082185  916122]
1861,[1029743 1082185 1068719 1004906 5568378]
1862,[1005186 1004906  916122 1110843 1082185]
1864,[ 965842 9835509 1042765 1022254 1065979]
1865,[1070820 1005186  833724 1055425  986912]
1867,[ 916122 1082185 5569471 5569230  849202]
1868,[1082185 1103808  846823 1025611  962185]
1869,[1126899 1082185  940947 1070820 1004906]
1871,[1055425 1082185  854852  944836 1007136]
1872,[1126899 1082185 1098284 1008814  913210]
1873,[1029743 1106523  962229 1101010 6533765]
1876,[1082185  973016  861345 1022254 1044078]
1877,[1029743  983584 1082185  947798 1122358]
1879,[1082185  922561 1101010  933835 1132771]
1880,[1106523 1082185 1037840 5569230 1075368]
1881,[ 901062 5569327  959638 1057011 1082185]
1882,[1029743 1082185 1070820  914012 1138443]
1883,[1029743 1106523  983584 1082185 5569230]
1884,[1082185 1029743 1093413  983267  856252]
1885,[ 1082185   928932  6534035  1008675 13411934]
1886,[1106523 1082185 1005186  949023  999270]
1887,[1126899  957232 1082185 9926758 1081177]
1889,[1029743  891505  976199 1075368 1037840]
1890,[1126899 1003616  916122 1082185 1026118]
1891,[1082185 1098911  983584  858439 1127716]
1892,[1106523 1044078  863762 1093413 1068719]
1895,[1082185 5569471 6034857 1106523 1129049]
1896,[1082185 1029743 1075368 1037840 1005186]
1898,[1082185 1005186  957232 1110843  858439]
1899,[1029743 1106523 1006342 1040807  916122]
1900,[ 971922 9831557 6391381 1070820  940947]
1901,[1082185 1029743 1044078 1106523  899624]
1903,[1106523 1082185 1005186 6533765 1124695]
1904,[1082185 1127831  896862 1137775  921504]
1906,[1114653  864335 1065259  854852  845208]
1907,[1075368 1125601 1029743  976199  844179]
1909,[1068719  916122 1082185  999858  933067]
1911,[ 1070820  1082185  5568378   910032 12673176]
1912,[1029743 1005186 1106523 1110843 5585510]
1914,[ 894439  892573 1043787 1077133 1029743]
1916,[1106523 1068719  965766  916122  976199]
1917,[1106523 1029743  896085 1134098  975085]
1918,[1029743 1082185 1126899 1116020  916122]
1919,[1106523 1026118 1082185 1098284 1019637]
1920,[1070820 1079941 1029743 1082185 1019643]
1922,[1126899 1070820 6391173 9553048 1132771]
1923,[ 854852 1082185  833724  901062 1098844]
1924,[ 983584 1106523 1029743 1135468  965772]
1925,[1029743 1106523 1075368  916122 1081177]
1926,[1068719 1082185 6533765  976199 9296945]
1927,[1106523 1029743  913482 5572738  951590]
1928,[1070820  983584 1082185  908504 1019078]
1929,[1106523  965766 1075368  916122 1068719]
1930,[1029743 1106523 1122358 1005186 1075368]
1931,[1106523 1082185 1068719 5569471 1005186]
1932,[1082185 1029743 1101010 5570383  860248]
1935,[1126899  999104 1048257  998519 1005186]
1936,[1029743 1082185 1138443  971922 1068719]
1937,[1070820  999104 1081177 1004906  986912]
1939,[1029743 1082185  896085 1075368 1044078]
1940,[1026118  969866 1094924  947875 1004906]
1941,[1106523 1044078  844179 1082185  891505]
1942,[1106523 5569230 1005186  839656 5569471]
1943,[1029743 1106523  983584 7152455 1030093]
1944,[ 1029743  1070820  1106523 12731436   880427]
1945,[1029743 1070820 1006878 1082185  933835]
1946,[1029743 1082185 1070820  916122  969771]
1947,[1126899  933835  951590  983584  919423]
1948,[1126899  916993 1082185  976199 1005186]
1949,[ 922561 1044078  908843 1135468  864335]
1950,[1106523 1029743 1082185 5592931 1044078]
1951,[1082185  916122 1004906 1081177  852015]
1952,[ 1029743  1082185   834117 12731544  1081166]
1953,[1121193 1082185 1004906  986912  993638]
1954,[1106523 1005186  899624  969866 1038745]
1955,[1082185 1106523 1004906 1029743 1029684]
1956,[1126899 1070820  970866 8090536 5568378]
1957,[1029743 9245108 1068719 5569230  944139]
1958,[1082185 1046549 1005186 1003699 1091365]
1959,[1029743  896085 1104343 1082185  866548]
1960,[1070820  883003 1044078 1082185 8090521]
1961,[1106523 1126899 1101010 1082185  893018]
1962,[ 976199  913210 6391381 1056509 1068719]
1963,[ 933835  854405 5569471 1082185 6034857]
1964,[  925350   986912  1082185  1110843 12810393]
1965,[1106523 1029743  983584 9881592 1082185]
1966,[1070820  896163  950271 1104343 1019643]
1967,[1029743 1106523 1070820 1082185 1005186]
1968,[1029743 1106523 1068719 1122358 1082185]
1969,[1029743 1044078  916122 1081177 1106523]
1970,[1029743 6533765 1082185 1106523  845914]
1971,[1029743 1070820 1126899  883606  949965]
1975,[ 976199 1092588 1029743  883003 5574377]
1976,[1106523 1075368 1082990 1019637 1082185]
1978,[1029743 1126899 1082185  883003 5569471]
1979,[1029743 1106523 1082185 5569230 1026258]
1981,[1126899 1070820 1122358 1082185  893018]
1982,[1082185 1071759  856335 1126899 1121384]
1983,[1029743  983584 1082185 5569471 5569230]
1985,[1106523 1004906 5569230 1082185  901062]
1987,[1082185 1271704 1407216 1022254 1044078]
1988,[1106523  929373 6034857  863447 5565392]
1989,[1005186  898847  916122 1082185  880150]
1990,[1029743 1126899 1106523 1082185 6034857]
1991,[1082185  891505  957736  825365  892048]
1992,[1082185  916122  915605 9187298 1034956]
1993,[1005186 1004906 1082185  986912 1132771]
1994,[1126899 1070820 1091365 1110843 1029743]
1995,[1029743 1082185 1106523  916122 9677236]
1996,[1126899 1070820 1029743 1082185  851394]
1997,[ 1126899   916122  1051468 10344585  1010051]
1998,[1106523  844179 1082185 5592931  965766]
1999,[1082185 1029743 1044078  986912  957232]
2000,[1068719 1082185  916122  844179 1029743]
2001,[1029743 1126899  883003 1070820  878996]
2003,[ 5569471  1082185 10344585   857503   995965]
2004,[ 990797 1029743 1055425  883932  890695]
2005,[ 951590 1082185  986912 1068719  907631]
2006,[1029743 1106523 1070820  916993 5569471]
2007,[1106523  916122  845208 1036249 1092303]
2008,[1106523 1126899 1082185  936830 1083446]
2010,[1082185  844179 1044078  916122 7152455]
2011,[1082185  909268  916487  912549 1006184]
2012,[1106523 1029743  868645  916122  866211]
2014,[1029743 1106523 1082185  845894  965766]
2015,[1082185 1029743 1126899  940947 1044188]
2016,[1106523 1082185 1004906 1044078 1094744]
2017,[1126899 1070820  983584  916122 1081177]
2018,[1082185 1106523 1029743  857130  866211]
2019,[1029743 1056509  899624  856818  844179]
2020,[1029743 1093413  844179 1106523  986912]
2021,[ 951590 1004906  896862 1082185 1044078]
2022,[1082185 1029743 1070820  854852 1098844]
2023,[1003699  842499 7443278 5569374 1082185]
2025,[1029743 1082185  940947  826666 5591083]
2026,[  916122 12810393  1082185   944534  1044078]
2027,[1029743 1005186 1082185 1044078 1106523]
2028,[1029743 5568378  880888 5569230 8090509]
2029,[1082185 1029743 1081177  854852  832768]
2030,[1029743 1056509 1082185 1104343  899624]
2031,[1082185 1044078 1106523 1038745 1022254]
2032,[1082185 5569230 1070820 1043751 1004906]
2033,[1029743 1068719 1082185 6533765  866211]
2034,[1126899 1004906  916122  900802 1106523]
2036,[1126899 1029743 5572308 1019643 1122358]
2037,[1029743 1068719  976199 1082185  901062]
2038,[1029743 1068719 1082185 1016782  933835]
2039,[1082185 1029743 1106523 1101010 1051323]
2040,[1029743 1005186 1106523 1126899 1082185]
2041,[1074333  878715 1111937 1082185 1127716]
2042,[ 1126899  1098844   901656  1029743 12525270]
2043,[ 922561  986912 1101010 1082185  992529]
2046,[1029743 1082185 1070820  944836 5569230]
2047,[1029743 8090537 1106523  933835 1005186]
2048,[1106523 1075368 1082185 6391137 9835509]
2049,[ 976199 1082185  832062 1053016 5569327]
2050,[1082185 1101010  933835 8090537 1132771]
2055,[1097661 1011926 1097704 1104343 7441419]
2056,[1029743 1106523  962229 1068719 1082185]
2057,[1070820 1082185  983584 1101010  901062]
2058,[  951412  1011926   872137 12731436  1022254]
2059,[1126899 1082185  857503 5569230 5569845]
2060,[1029743  986912 1082185 1121193  844179]
2062,[1029743 1106523  916122 1004906 1056509]
2063,[1082185 1022254 1005186  986912 1004906]
2064,[ 1029743  1005186  1082185 10198402  1006483]
2065,[1029743 1005186 1068719  844179 1037840]
2068,[ 1070820  1082185  9245106 13506200   880150]
2070,[1029743  916122  899624 5569374  865456]
2071,[ 922561 1106523 1029743 1082185  899624]
2072,[1082185 1070820 1026118  999858  837270]
2075,[1029743 1014732  899624 1044078 6533765]
2076,[1029743 1106523 1098844 1082185 1121193]
2077,[1106523 6391381 1004906  976199 6463742]
2079,[1106523 1082185 1029743  819840  979707]
2080,[1106523 1044078 9836106 1029743  845208]
2081,[1082185 1106523 1044078  844179  829291]
2082,[1029743  916122  899624 1068719  832678]
2083,[1070820 1005186  845208  844179 1004906]
2084,[1070820 1082185 1121193 6034857 5569230]
2085,[1082185 1029743 1070820  983584 1101010]
2086,[1082185 1121193 1029743 1005186 1053403]
2087,[1029743  976199 1056509  899624 5569230]
2088,[1082185 1029743 1005186  965766 1128016]
2089,[1126899 1082185  855454 1102829 6463724]
2090,[ 1082185   916122 12301100  6602697  5576075]
2091,[1082185  933835 1138443  916122  883003]
2094,[1082185 1070820  916993 1068719  916122]
2095,[1106523 1068719  933835  986912 6533765]
2099,[1029743 1082185 1101010 6533765  878996]
2100,[1082185 1106523 1101010 1029477  845208]
2101,[1029743 1082185  883003 1101010 1104481]
2102,[  882604 12731436   940947  1082185   854852]
2103,[1029743 1082185  944486  989069 1010578]
2105,[1106523 1082185 1005186 1029743  913482]
2108,[6534074  983584 1106523  957232 6533936]
2109,[935993 893018 999270 937292 930666]
2110,[1082185 1029743 1106523 8066803  854852]
2111,[1082185 1126899 1127716  944836 6533368]
2112,[1029743 1126899  916122 1082185 1056509]
2114,[1122358  986912 1126899 1005186 1082185]
2115,[1070820 1029743  916122 1068719 5569327]
2116,[1029743 1070820 1106523  845208 1082185]
2119,[1082185  899624 1029743  965766  947798]
2120,[1082185 1022254 1044078 1059902 5592931]
2121,[1121193 1082185  971922  976199  933835]
2122,[1082185 1091365  949023 1011169 1022254]
2123,[1029743 1096635  957232 1068719 5569230]
2124,[1029743 1126899 1106523  944836  965766]
2125,[1029743  976199  863885 1068719 1041796]
2126,[ 976199 1122358 1126711  854852  948495]
2129,[1029743 1070820  933835 1082185  844179]
2130,[1082185 1106523  983584 1068719  899624]
2131,[1070820 1029743  986912  948832 1062002]
2132,[1082185  990797 1117514  914318  901062]
2133,[1126899 1057949 1019247  866548 1082185]
2134,[1082185  916122  962229  844179  976199]
2135,[  922561  1082185 15830451   986912  6391381]
2136,[ 901062 9707498 1082185  872137  909268]
2137,[1029743 1068719 1082185 1127758 1067779]
2138,[1075368 1070820 1029743 1082185  864335]
2139,[1005186 1029743 1068719 1070820  863447]
2141,[1070820 1106523  983584  933835  883003]
2142,[1029743  913210 1106523 6533362  919423]
2145,[1082185 1121193  951197 1117514 9296795]
2146,[1029743 1106523 1082185  944836  898121]
2147,[1106523  933835  845208  976199  990797]
2148,[1101010  948670 1106523  913210  895930]
2149,[ 1082185  1106523 13003101 13416117  1058185]
2151,[1029743 1082185 1114653  986912 5592931]
2153,[1029743 1082185 1004906  944139 1044078]
2154,[1106523 1101010 1082185 1005186  901062]
2155,[1082185  844179  944534 5585510  894439]
2156,[1029743 1122358 1082185  866211 8090537]
2158,[1082185  986912  829323 1070538  951412]
2159,[1106523 1029743 5592931 1005186  922561]
2160,[ 1082185   916122 12262978  1070702   956672]
2161,[1126899  951590  944836  958208 9296919]
2162,[ 1029743   896085   983584 15596112   976199]
2163,[1082185 8090532 5569471 9338009 1016274]
2167,[1106523  983584 1084587 1082185 7152455]
2168,[1029743 1044078 8090521  844179 1081262]
2169,[1126899 1082185 5568378 1042571 1119761]
2170,[1013928 1029743  983584  863762 8090537]
2171,[1005186  951590  974336 1082185  883003]
2172,[1029743 1070820 1101744 1082185 1104343]
2173,[1029743 1106523  951590 1082185 1132771]
2174,[1082185 1106523 1126899  961979 1075368]
2175,[1082185  916122  823990  878996  853038]
2176,[1106523 5568378 1075368 1082185 1131034]
2179,[1082185 1106523 1068719 1009187 1135468]
2181,[1126899 1029743 1106523 1082185 1070820]
2182,[1082185 1106523 1005186 1029743 1004906]
2183,[ 1082185  1029743 12731432   983584  5569471]
2184,[1005186 1082185 1110843 1029743  995965]
2185,[1082185  999104 1003487  909714 1112417]
2186,[1106523 1075368  933835  899624  951590]
2188,[1106523  819978 1101010 1082185  957232]
2189,[1082185 1029743  983584 1065979 1062002]
2190,[1106523  983584 1075368  976199 1101010]
2193,[1070820  979707 1106523 1082185  916122]
2194,[1042571 1081177  854852  986912  998678]
2195,[1126899 1082185  940947 1000237  901062]
2196,[1029743 1082185  854852  901062 5569374]
2197,[5569230 1082185  916122  865456 1044078]
2198,[ 1106523   863762  1013928   844179 15716671]
2199,[1029743 1070820 1126899  916993 1101010]
2200,[ 916122 1106523  844179 1029743 1004906]
2202,[1082185  916122 1081177  951412  835098]
2203,[1126899 1029743 1082185 1070820  913210]
2204,[1106523 1044078 1029743 1082185 6533765]
2205,[1029743 1082185  856687 1100830 1013982]
2206,[1029743 1082185  999104 1025581 1137775]
2207,[1005186  986912 1106523 1110843 6034857]
2208,[1106523  916122 1004906  976199 1106271]
2209,[1029743 1070820 1082141 1004906 1082185]
2211,[1126899 1070820 1106523  866548 6533936]
2212,[1082185 7441419 6463717 1019387 1000736]
2213,[1126899 1106523 1070820 1062002  998444]
2214,[1082185 1104343  919534  853210 8090532]
2215,[1075368 1068719 1106523 1004906  979707]
2217,[1029743 1005186 1070820 1007136 1082185]
2221,[1126899 1082185 7410320 1070727  913210]
2222,[1029743 5569230 1043751 1075368 1138443]
2223,[1029743 1082185 1087102  871514  999270]
2224,[1070820 1005186 1110843 1040812 1129610]
2225,[1070820 1126899  864969 1110111 7025250]
2226,[1005186 1110843  986912 1070820 1126899]
2228,[1029743 1106523  971474  844179 1004906]
2229,[1070820 1034176  880427 1082185 1004436]
2231,[1070820 1082185 1126899  916122 1009187]
2233,[1098844 1082185 1046756 1005186 1098248]
2234,[ 854852 1104343 8014645  940947  878996]
2235,[1082185  857130 1068719  976199  916122]
2237,[ 976199  916122  844179 1051626 1126899]
2238,[1029743  918746  971983 1101010  947875]
2239,[1029743  965766 1082185  896085 8090521]
2240,[1029743 1106523 5568378  983584 5569230]
2241,[1029743 1082185 1106523 1122358  933835]
2243,[1029743  971922 1074333 1082185  917384]
2244,[1029743 1106523 1068719 1044078  899624]
2245,[1106523 1044078 1098248 1068719 1123254]
2247,[1106523  976199 1065538 1005186  872137]
2248,[1082185 1126899  893018 1101010 1004906]
2250,[1082185  983584 1029743 1101010  832678]
2252,[1082185 1029743 1106523 1070820 1104343]
2253,[1029743 1082185  983584 1108168 1138292]
2256,[ 1082185  8090537  8090536 10198378   973181]
2257,[1106523 1104349 1068719 1029743 1116376]
2258,[1126899  936830 1132771 1029743 1082185]
2259,[1082185 1022254 1044078 1068719 1059902]
2260,[1029743  995876 1070702  979707 1004906]
2261,[1106523  983584 1004906  916122 1070820]
2262,[1019247 1122358  893018 5981267 6773232]
2263,[1029743  986912 1126899 1044078  976199]
2264,[1126899 5587656  916122 5592610  976199]
2266,[ 845208  900802  880427  933835 1082185]
2267,[1126899  913210 8019977 1091901 1005186]
2269,[ 951590  916122 1056509 5568729  844179]
2270,[ 922561 1005186 1068719 1044078 1128163]
2271,[1082185  986912 1062002  857605 1001277]
2272,[1082185 1029743  951590 1104343 1019643]
2273,[1082185 1029743  934399 1069506 5568732]
2274,[1082185 1029743  913210 1106523  971922]
2275,[ 899624 1044078  916122  844179 1134483]
2276,[ 1082185 12946027  1095587   983584   946839]
2277,[1106523 1029743 1075368 1068719  947798]
2278,[1070820 1082185 1004436  965842 1006184]
2279,[1082185  944534 1005186  916122  880150]
2280,[1070820 1101010  976199 1004906 1041796]
2281,[1126899 6034857  854852  998352  998828]
2282,[ 1070820  1082185   833724 10457590  1056509]
2283,[1070820 1082185 1106523 1126899  976199]
2284,[1070820  916122  979707 1044259 1029743]
2285,[9935616 1134633 5567365 5568249  970158]
2287,[1029743 1082185  883003 1004906 1027168]
2288,[1126899  976199 1070820 1082185  986912]
2289,[ 1029743 10285017   913210  8090519  1004906]
2290,[1029743  996891 1082185 1075368 1132771]
2291,[12523928   986912   962588  1082185  1127470]
2292,[1029743 1082185  865456 1043534  999779]
2293,[1082185 1126899 1118120  983584 1070820]
2294,[1082185 1029743 1106523 1075368  916122]
2295,[1106523 1082185  983584 1044078 1038663]
2296,[1029743 1070820 1101010 1004906 1044759]
2297,[1106523 1082185  834303  835098 1081177]
2298,[1106523 1029743 1082185  856252  826666]
2299,[6602697  916122 9833335 1091858 1082185]
2300,[1029743 1082185  999104 8273833  973916]
2301,[1082185 1029743  983584 1057749 1004906]
2302,[1029743 1082185  916993  954110 1004906]
2303,[1029743  983584 1106523 1082185  933835]
2305,[1029743  983584 1056509 1075368  916122]
2307,[ 1029743 13190240  1082185  1006184  1138443]
2308,[1029743 1082185  916122  854852  989824]
2310,[ 1082185  1068719   965766 12946027  1004906]
2312,[1082185  916122 1070820 1005186  979707]
2314,[1126899 1118332  916993 1082185  848319]
2315,[1082185  916122 1022254 1044078  957828]
2317,[1082185 1029743  916122  976199 1070820]
2319,[1029743 1082185 1044078 8090537 1075368]
2322,[1082185  916122  883871 1127831 1044259]
2323,[1005186 1082185  834303  895295 5565322]
2324,[1029743 1106523 1082185 1104343  909714]
2325,[1082185 1022254 1044078 1059902 1068719]
2328,[ 929373 1106523  916122 1029743 1082990]
2330,[1106523 1082185 1121193 1029743 1056509]
2331,[1029743  933835  856252 1082185  859075]
2333,[ 1082185  6533936 13158992  5585510  9396705]
2334,[1029743  892573 1004906 1102416  951590]
2335,[1029743 5568378  933835 1019247 1082185]
2336,[1029743 1106523 5569230 1056509 1024051]
2337,[1082185 1097398 1015539 1106523 1067695]
2338,[1106523 1082990 1082185  986912 1005186]
2339,[1082185 1106523 5568378 1051323  986912]
2340,[1106523 1005186 1082185 1004906  982211]
2341,[1106523 1029743 1009437 1098284 1068719]
2342,[1029743  916122  901062 6034857 1004906]
2343,[1029743 1106523 1082185  916122 1068719]
2344,[1106523 5569471 1082185 5569230 1068719]
2345,[1029743 1106523  983584  916122 1101010]
2347,[1029743 1082185 1056509 5569230 5569471]
2349,[1029743 1082185 1070820 1106523  890695]
2350,[1101010 1029743 1082185  871514 1132771]
2351,[1029743 1126899 1004906  976199  916122]
2352,[ 983584 1082185  916578  857503  910473]
2354,[1126899  916122  913210  866211 6034857]
2359,[1106523 1122358  965766 1068719  854852]
2360,[1029743 1070820  916122 1004906  844179]
2361,[1126899  865511  902172  831937 1138487]
2363,[1082185 1029743 6602697 1070820  946839]
2364,[5707857 1082185 1022254 1059902 1068719]
2366,[1004906 1044078  948670  844179  913210]
2368,[1126899 1029743 1082185  990797 1056509]
2369,[1029743  951590 1070820 1082185 1106523]
2370,[1070820  916122  986912 5569471  863447]
2372,[1029743  982469 1037840 1082185 1004906]
2373,[1407216 1082185 7152455 1211227 1022254]
2374,[1070820  976199 1082185  933835  901062]
2375,[1082185 1106523 5585510 1005186  989069]
2376,[1029743 1082185 1005186 1057168 1126899]
2377,[ 844179 1004906 1082185 1055168  999270]
2378,[1029743  933835  844179 1004906  916122]
2379,[1126899  854405 1005186  916122 1082185]
2380,[1029743 1122358  948670 1082185 1081177]
2381,[ 895930 1093413  890695  916122  906646]
2385,[1029743 1106523  990797 1068719 1005186]
2386,[1029743 1082185  916122 1070820  976199]
2387,[ 940947 1126899 1082185  844179 1128240]
2388,[1106523 1029743 1082185  916122  890695]
2389,[1029743 1106523 1004906  893018 1082185]
2392,[1068719 1106523  965766  895166 1004906]
2393,[ 847207  907099 1082185  995965  976199]
2394,[ 1082185  5569327 12810393   998119   994894]
2395,[1029743 1106523 5569230  986912 1068719]
2397,[1082185  883932 1106523  951590  833724]
2399,[1082185 1106523 1086740  838186 9835619]
2400,[1082185 1005186  916122  896085 1106523]
2401,[1106523 1082185 1004906  845208 1026118]
2404,[1082185 1022254 1044078 1059902 5592931]
2405,[1029743 6602697 6533765  865456 1005186]
2406,[1126899 1082185 1075368  910109 1056509]
2407,[1029743 1082185  976199  899624 1044078]
2408,[1029743  883003 1101010  940947  938138]
2410,[1106523 1029743 1070820 1037840 5569230]
2412,[1106523  916122 1101010 1122358 9836106]
2416,[ 1126899   978077  1029743 12810391  1098844]
2418,[1029743 1005186 1044078 1101010 9245108]
2420,[1106523 1068719 1029743 6533765 1004906]
2421,[1070820 1138443  999104 1029743  854852]
2424,[1029743 1068719 6034857 1004906  913210]
2425,[1029743 1070820  976199 1082185  999104]
2426,[1029743 1058404 1044078 5568378 1082185]
2427,[10341855  1126899   916122   856252  1082185]
2429,[1029743 1082185 1106523  871514 1122358]
2431,[1106523 1082185 1004906 7410357  845208]
2434,[1106523 1044078 1068292 1029743 1082185]
2435,[1029743  899624 1081177 1082185 1056509]
2437,[1070820 1082185 1029743  933835  856252]
2438,[1082185  892531  919766  849202 9655679]
2439,[1106523 1082185 1070820 1098844 1122358]
2440,[6533765 1106523 1068292 1082185 8203851]
2441,[1029743  948670  885023 1082185  898121]
2442,[1082185 1126899 5592931  860248  940947]
2445,[1082185 1029743  933835  976199  844179]
2446,[1126899  990797  854852 1068719 1082185]
2447,[1062002  944137 1005186 1135476  901062]
2448,[1106523 1054402 6034857 1068719 7168026]
2449,[1029743  916122  979707 1126899 1106523]
2450,[1070820 1082185  976199 6034857 5569471]
2451,[1029743 1126899 1070820 1022254  854852]
2452,[1106523 5568378 1004906 1081177 1082185]
2453,[1070820 1082185 6391381 1136719 1005186]
2455,[1029743  983584 1106523 5569471  933835]
2456,[1065979 1126899 1082185  965766  916122]
2457,[1106523  976199 1104343 1082185  901062]
2458,[ 901062  965842 1041796 1082185  892376]
2459,[1029743 1082185 1004906 1070820  918638]
2460,[1082185 5568378 5569230 5569471  979707]
2461,[1098844 6034857  854405 1022254 1082185]
2462,[1029743  916122  976199 6034857  979707]
2464,[1070820 1082185 1104349 6602590 1407216]
2465,[ 986912 1082185  856252  976199  944534]
2466,[1029743 1068719 1106523 1082185  916122]
2467,[1126899  909714 1055425  944836  833940]
2470,[ 823356 1082185  819840 6391381  863529]
2471,[ 1082185  1029743  1056413   910032 12352249]
2472,[1029743 1082185  986912 1005186 1081177]
2475,[1070820 1126899  933835 1029743 5569471]
2477,[1126899  916122 1082185  866211 1070702]
2478,[ 979707 1005186 1106523  965766 1004906]
2479,[ 916122 1106523 9835509  944836 1127831]
2481,[ 1029743  1056509  1126899   899624 12810391]
2482,[1082185 1029743 1106523  983584 8090537]
2483,[6533936 1082185 1070820 1029743  948832]
2484,[1029743  878715 6533765  899624  922561]
2485,[ 1082185  1134483  5569230  5569471 12695224]
2486,[1029743 1106523 5569230  916122 1068719]
2488,[1070820  972665  933835 1068291 1082185]
2489,[1082185 1029743 1068719 1126899 6034857]
2492,[1106523 1005186  986912 1030093  861494]
2494,[1082185 1070820 1029743 5569471 1004906]
2496,[1106523 1056509  916122  979707 1068719]
2497,[1082185 1029743 1070820 1135834 1101010]
2498,[1070820 1106523 1126899 1082185  901776]
2499,[1070820  983584 5569327 5568378  899624]
2500,[1019643 1082185 1126899 1056509  979707]
